/Users/akshat12/Documents/SIH2026/claudeProject_trial/dashboard/server.py:271: DeprecationWarning: 
        on_event is deprecated, use lifespan event handlers instead.

        Read more about it in the
        [FastAPI docs for Lifespan Events](https://fastapi.tiangolo.com/advanced/events/).
        
  @app.on_event("startup")
INFO:     Started server process [57354]
INFO:     Waiting for application startup.
INFO:     Application startup complete.
INFO:     Uvicorn running on http://127.0.0.1:8000 (Press CTRL+C to quit)
INFO:     127.0.0.1:58059 - "WebSocket /ws" [accepted]
INFO:     connection open
[R4] online at (9, 11), peers=[0, 1, 2, 3]
[R1] online at (9, 2), peers=[0, 1, 2, 3]
[R3] online at (9, 8), peers=[0, 1, 2, 3]
[R4] t=1 pos=(9, 11) state=IDLE batt=100% done=0
[R2] online at (9, 5), peers=[0, 1, 2, 3]
[R3] t=1 pos=(9, 8) state=IDLE batt=100% done=0
[R1] t=1 pos=(9, 2) state=IDLE batt=100% done=0
[R2] t=1 pos=(9, 5) state=IDLE batt=100% done=0
[R4] t=2 pos=(9, 11) state=IDLE batt=100% done=0
[R1] t=2 pos=(9, 2) state=IDLE batt=100% done=0
[R3] t=2 pos=(9, 8) state=IDLE batt=100% done=0
[R2] t=2 pos=(9, 5) state=IDLE batt=100% done=0
[R4] t=3 pos=(9, 11) state=IDLE batt=100% done=0
[R1] t=3 pos=(9, 2) state=IDLE batt=100% done=0
[R3] t=3 pos=(9, 8) state=IDLE batt=100% done=0
[R2] t=3 pos=(9, 5) state=IDLE batt=100% done=0
[R4] t=4 pos=(9, 11) state=IDLE batt=100% done=0
[R3] t=4 pos=(9, 8) state=IDLE batt=100% done=0
[R1] t=4 pos=(9, 2) state=IDLE batt=100% done=0
[R2] t=4 pos=(9, 5) state=IDLE batt=100% done=0
[R3] t=5 pos=(9, 8) state=IDLE batt=100% done=0
[R4] t=5 pos=(9, 11) state=IDLE batt=100% done=0
[R1] t=5 pos=(9, 2) state=IDLE batt=100% done=0
[R2] t=5 pos=(9, 5) state=IDLE batt=100% done=0
[R4] t=6 pos=(9, 11) state=IDLE batt=100% done=0
[R3] t=6 pos=(9, 8) state=IDLE batt=100% done=0
[R1] t=6 pos=(9, 2) state=IDLE batt=100% done=0
[R2] t=6 pos=(9, 5) state=IDLE batt=100% done=0
[R3] t=7 pos=(9, 8) state=IDLE batt=100% done=0
[R4] t=7 pos=(9, 11) state=IDLE batt=100% done=0
[R1] t=7 pos=(9, 2) state=IDLE batt=100% done=0
[R2] t=7 pos=(9, 5) state=IDLE batt=100% done=0
[R4] t=8 pos=(9, 11) state=IDLE batt=100% done=0
[R1] t=8 pos=(9, 2) state=IDLE batt=100% done=0
[R3] t=8 pos=(9, 8) state=IDLE batt=100% done=0
[R2] t=8 pos=(9, 5) state=IDLE batt=100% done=0
[R1] t=9 pos=(9, 2) state=IDLE batt=100% done=0
[R4] t=9 pos=(9, 11) state=IDLE batt=100% done=0
[R3] t=9 pos=(9, 8) state=IDLE batt=100% done=0
[R2] t=9 pos=(9, 5) state=IDLE batt=100% done=0
[R3] t=10 pos=(9, 8) state=IDLE batt=100% done=0
[R1] t=10 pos=(9, 2) state=IDLE batt=100% done=0
[R4] t=10 pos=(9, 11) state=IDLE batt=100% done=0
[R2] t=10 pos=(9, 5) state=IDLE batt=100% done=0
[R4] t=11 pos=(9, 11) state=IDLE batt=100% done=0
[R2] t=11 pos=(9, 5) state=IDLE batt=100% done=0
[R1] t=11 pos=(9, 2) state=IDLE batt=100% done=0
[R3] t=11 pos=(9, 8) state=IDLE batt=100% done=0
[R4] t=12 pos=(9, 11) state=IDLE batt=100% done=0
[R3] t=12 pos=(9, 8) state=IDLE batt=100% done=0
[R2] t=12 pos=(9, 5) state=IDLE batt=100% done=0
[R1] t=12 pos=(9, 2) state=IDLE batt=100% done=0
[R4] t=13 pos=(9, 11) state=IDLE batt=100% done=0
[R3] t=13 pos=(9, 8) state=IDLE batt=100% done=0
[R1] t=13 pos=(9, 2) state=IDLE batt=100% done=0
[R2] t=13 pos=(9, 5) state=IDLE batt=100% done=0
[R4] t=14 pos=(9, 11) state=IDLE batt=100% done=0
[R2] t=14 pos=(9, 5) state=IDLE batt=100% done=0
[R1] t=14 pos=(9, 2) state=IDLE batt=100% done=0
[R3] t=14 pos=(9, 8) state=IDLE batt=100% done=0
[R2] t=15 pos=(9, 5) state=IDLE batt=100% done=0
[R4] t=15 pos=(9, 11) state=IDLE batt=100% done=0
[R1] t=15 pos=(9, 2) state=IDLE batt=100% done=0
[R3] t=15 pos=(9, 8) state=IDLE batt=100% done=0
[R3] t=16 pos=(9, 8) state=IDLE batt=100% done=0
[R4] t=16 pos=(9, 11) state=IDLE batt=100% done=0
[R2] t=16 pos=(9, 5) state=IDLE batt=100% done=0
[R1] t=16 pos=(9, 2) state=IDLE batt=100% done=0
[R4] t=17 pos=(9, 11) state=IDLE batt=100% done=0
[R3] t=17 pos=(9, 8) state=IDLE batt=100% done=0
[R2] t=17 pos=(9, 5) state=IDLE batt=100% done=0
[R1] t=17 pos=(9, 2) state=IDLE batt=100% done=0
[R4] t=18 pos=(9, 11) state=IDLE batt=100% done=0
[R3] t=18 pos=(9, 8) state=IDLE batt=100% done=0
[R2] t=18 pos=(9, 5) state=IDLE batt=100% done=0
[R1] t=18 pos=(9, 2) state=IDLE batt=100% done=0
[R4] t=19 pos=(9, 11) state=IDLE batt=100% done=0
[R2] t=19 pos=(9, 5) state=IDLE batt=100% done=0
[R3] t=19 pos=(9, 8) state=IDLE batt=100% done=0
[R1] t=19 pos=(9, 2) state=IDLE batt=100% done=0
[R2] t=20 pos=(9, 5) state=IDLE batt=100% done=0
[R3] t=20 pos=(9, 8) state=IDLE batt=100% done=0
[R4] t=20 pos=(9, 11) state=IDLE batt=100% done=0
[R1] t=20 pos=(9, 2) state=IDLE batt=100% done=0
[R2] t=21 pos=(9, 5) state=IDLE batt=100% done=0
[R4] t=21 pos=(9, 11) state=IDLE batt=100% done=0
[R3] t=21 pos=(9, 8) state=IDLE batt=100% done=0
[R1] t=21 pos=(9, 2) state=IDLE batt=100% done=0
[R4] t=22 pos=(9, 11) state=IDLE batt=100% done=0
[R3] t=22 pos=(9, 8) state=IDLE batt=100% done=0
[R2] t=22 pos=(9, 5) state=IDLE batt=100% done=0
[R1] t=22 pos=(9, 2) state=IDLE batt=100% done=0
[R4] t=23 pos=(9, 11) state=IDLE batt=100% done=0
[R3] t=23 pos=(9, 8) state=IDLE batt=100% done=0
[R2] t=23 pos=(9, 5) state=IDLE batt=100% done=0
[R1] t=23 pos=(9, 2) state=IDLE batt=100% done=0
[R4] t=24 pos=(9, 11) state=IDLE batt=100% done=0
[R2] t=24 pos=(9, 5) state=IDLE batt=100% done=0
[R3] t=24 pos=(9, 8) state=IDLE batt=100% done=0
[R1] t=24 pos=(9, 2) state=IDLE batt=100% done=0
[R4] t=25 pos=(9, 11) state=IDLE batt=100% done=0
[R3] t=25 pos=(9, 8) state=IDLE batt=100% done=0
[R2] t=25 pos=(9, 5) state=IDLE batt=100% done=0
[R1] t=25 pos=(9, 2) state=IDLE batt=100% done=0
[R4] t=26 pos=(9, 11) state=IDLE batt=100% done=0
[R3] t=26 pos=(9, 8) state=IDLE batt=100% done=0
[R1] t=26 pos=(9, 2) state=IDLE batt=100% done=0
[R2] t=26 pos=(9, 5) state=IDLE batt=100% done=0
[R4] t=27 pos=(9, 11) state=IDLE batt=100% done=0
[R1] t=27 pos=(9, 2) state=IDLE batt=100% done=0
[R2] t=27 pos=(9, 5) state=IDLE batt=100% done=0
[R3] t=27 pos=(9, 8) state=IDLE batt=100% done=0
[R4] t=28 pos=(9, 11) state=IDLE batt=100% done=0
[R1] t=28 pos=(9, 2) state=IDLE batt=100% done=0
[R2] t=28 pos=(9, 5) state=IDLE batt=100% done=0
[R3] t=28 pos=(9, 8) state=IDLE batt=100% done=0
[R4] t=29 pos=(9, 11) state=IDLE batt=100% done=0
[R1] t=29 pos=(9, 2) state=IDLE batt=100% done=0
[R2] t=29 pos=(9, 5) state=IDLE batt=100% done=0
[R3] t=29 pos=(9, 8) state=IDLE batt=100% done=0
[R4] t=30 pos=(9, 11) state=IDLE batt=100% done=0
[R1] t=30 pos=(9, 2) state=IDLE batt=100% done=0
[R2] t=30 pos=(9, 5) state=IDLE batt=100% done=0
[R3] t=30 pos=(9, 8) state=IDLE batt=100% done=0
[R4] t=31 pos=(9, 11) state=IDLE batt=100% done=0
[R1] t=31 pos=(9, 2) state=IDLE batt=100% done=0
[R2] t=31 pos=(9, 5) state=IDLE batt=100% done=0
[R3] t=31 pos=(9, 8) state=IDLE batt=100% done=0
[R4] t=32 pos=(9, 11) state=IDLE batt=100% done=0
[R1] t=32 pos=(9, 2) state=IDLE batt=100% done=0
[R2] t=32 pos=(9, 5) state=IDLE batt=100% done=0
[R3] t=32 pos=(9, 8) state=IDLE batt=100% done=0
[R1] t=33 pos=(9, 2) state=IDLE batt=100% done=0
[R4] t=33 pos=(9, 11) state=IDLE batt=100% done=0
[R2] t=33 pos=(9, 5) state=IDLE batt=100% done=0
[R3] t=33 pos=(9, 8) state=IDLE batt=100% done=0
[R1] t=34 pos=(9, 2) state=IDLE batt=100% done=0
[R4] t=34 pos=(9, 11) state=IDLE batt=100% done=0
[R3] t=34 pos=(9, 8) state=IDLE batt=100% done=0
[R2] t=34 pos=(9, 5) state=IDLE batt=100% done=0
[R4] t=35 pos=(9, 11) state=IDLE batt=100% done=0
[R1] t=35 pos=(9, 2) state=IDLE batt=100% done=0
[R3] t=35 pos=(9, 8) state=IDLE batt=100% done=0
[R2] t=35 pos=(9, 5) state=IDLE batt=100% done=0
[R4] t=36 pos=(9, 11) state=IDLE batt=100% done=0
[R1] t=36 pos=(9, 2) state=IDLE batt=100% done=0
[R2] t=36 pos=(9, 5) state=IDLE batt=100% done=0
[R3] t=36 pos=(9, 8) state=IDLE batt=100% done=0
[R1] t=37 pos=(9, 2) state=IDLE batt=100% done=0
[R4] t=37 pos=(9, 11) state=IDLE batt=100% done=0
[R2] t=37 pos=(9, 5) state=IDLE batt=100% done=0
[R3] t=37 pos=(9, 8) state=IDLE batt=100% done=0
[R1] t=38 pos=(9, 2) state=IDLE batt=100% done=0
[R4] t=38 pos=(9, 11) state=IDLE batt=100% done=0
[R2] t=38 pos=(9, 5) state=IDLE batt=100% done=0
[R3] t=38 pos=(9, 8) state=IDLE batt=100% done=0
[R4] t=39 pos=(9, 11) state=IDLE batt=100% done=0
[R1] t=39 pos=(9, 2) state=IDLE batt=100% done=0
[R2] t=39 pos=(9, 5) state=IDLE batt=100% done=0
[R3] t=39 pos=(9, 8) state=IDLE batt=100% done=0
[R4] t=40 pos=(9, 11) state=IDLE batt=100% done=0
[R1] t=40 pos=(9, 2) state=IDLE batt=100% done=0
[R2] t=40 pos=(9, 5) state=IDLE batt=100% done=0
[R3] t=40 pos=(9, 8) state=IDLE batt=100% done=0
[R4] t=41 pos=(9, 11) state=IDLE batt=100% done=0
[R1] t=41 pos=(9, 2) state=IDLE batt=100% done=0
[R3] t=41 pos=(9, 8) state=IDLE batt=100% done=0
[R2] t=41 pos=(9, 5) state=IDLE batt=100% done=0
[R4] t=42 pos=(9, 11) state=IDLE batt=100% done=0
[R1] t=42 pos=(9, 2) state=IDLE batt=100% done=0
[R3] t=42 pos=(9, 8) state=IDLE batt=100% done=0
[R2] t=42 pos=(9, 5) state=IDLE batt=100% done=0
[R4] t=43 pos=(9, 11) state=IDLE batt=100% done=0
[R1] t=43 pos=(9, 2) state=IDLE batt=100% done=0
[R3] t=43 pos=(9, 8) state=IDLE batt=100% done=0
[R2] t=43 pos=(9, 5) state=IDLE batt=100% done=0
[R4] t=44 pos=(9, 11) state=IDLE batt=100% done=0
[R3] t=44 pos=(9, 8) state=IDLE batt=100% done=0
[R2] t=44 pos=(9, 5) state=IDLE batt=100% done=0
[R1] t=44 pos=(9, 2) state=IDLE batt=100% done=0
[R1] t=45 pos=(9, 2) state=IDLE batt=100% done=0
[R4] t=45 pos=(9, 11) state=IDLE batt=100% done=0
[R3] t=45 pos=(9, 8) state=IDLE batt=100% done=0
[R2] t=45 pos=(9, 5) state=IDLE batt=100% done=0
[R4] t=46 pos=(9, 11) state=IDLE batt=100% done=0
[R2] t=46 pos=(9, 5) state=IDLE batt=100% done=0
[R1] t=46 pos=(9, 2) state=IDLE batt=100% done=0
[R3] t=46 pos=(9, 8) state=IDLE batt=100% done=0
[R4] t=47 pos=(9, 11) state=IDLE batt=100% done=0
[R2] t=47 pos=(9, 5) state=IDLE batt=100% done=0
[R3] t=47 pos=(9, 8) state=IDLE batt=100% done=0
[R1] t=47 pos=(9, 2) state=IDLE batt=100% done=0
[R2] t=48 pos=(9, 5) state=IDLE batt=100% done=0
[R3] t=48 pos=(9, 8) state=IDLE batt=100% done=0
[R4] t=48 pos=(9, 11) state=IDLE batt=100% done=0
[R1] t=48 pos=(9, 2) state=IDLE batt=100% done=0
[R4] t=49 pos=(9, 11) state=IDLE batt=100% done=0
[R2] t=49 pos=(9, 5) state=IDLE batt=100% done=0
[R1] t=49 pos=(9, 2) state=IDLE batt=100% done=0
[R3] t=49 pos=(9, 8) state=IDLE batt=100% done=0
[R2] t=50 pos=(9, 5) state=IDLE batt=100% done=0
[R1] t=50 pos=(9, 2) state=IDLE batt=100% done=0
[R4] t=50 pos=(9, 11) state=IDLE batt=100% done=0
[R3] t=50 pos=(9, 8) state=IDLE batt=100% done=0
[R2] t=51 pos=(9, 5) state=IDLE batt=100% done=0
[R3] t=51 pos=(9, 8) state=IDLE batt=100% done=0
[R4] t=51 pos=(9, 11) state=IDLE batt=100% done=0
[R1] t=51 pos=(9, 2) state=IDLE batt=100% done=0
[R2] t=52 pos=(9, 5) state=IDLE batt=100% done=0
[R1] t=52 pos=(9, 2) state=IDLE batt=100% done=0
[R4] t=52 pos=(9, 11) state=IDLE batt=100% done=0
[R3] t=52 pos=(9, 8) state=IDLE batt=100% done=0
[R2] t=53 pos=(9, 5) state=IDLE batt=100% done=0
[R4] t=53 pos=(9, 11) state=IDLE batt=100% done=0
[R1] t=53 pos=(9, 2) state=IDLE batt=100% done=0
[R3] t=53 pos=(9, 8) state=IDLE batt=100% done=0
[R2] t=54 pos=(9, 5) state=IDLE batt=100% done=0
[R4] t=54 pos=(9, 11) state=IDLE batt=100% done=0
[R1] t=54 pos=(9, 2) state=IDLE batt=100% done=0
[R3] t=54 pos=(9, 8) state=IDLE batt=100% done=0
[R2] t=55 pos=(9, 5) state=IDLE batt=100% done=0
[R4] t=55 pos=(9, 11) state=IDLE batt=100% done=0
[R1] t=55 pos=(9, 2) state=IDLE batt=100% done=0
[R3] t=55 pos=(9, 8) state=IDLE batt=100% done=0
[R4] t=56 pos=(9, 11) state=IDLE batt=100% done=0
[R1] t=56 pos=(9, 2) state=IDLE batt=100% done=0
[R2] t=56 pos=(9, 5) state=IDLE batt=100% done=0
[R3] t=56 pos=(9, 8) state=IDLE batt=100% done=0
[R1] t=57 pos=(9, 2) state=IDLE batt=100% done=0
[R2] t=57 pos=(9, 5) state=IDLE batt=100% done=0
[R4] t=57 pos=(9, 11) state=IDLE batt=100% done=0
[R3] t=57 pos=(9, 8) state=IDLE batt=100% done=0
[R2] t=58 pos=(9, 5) state=IDLE batt=100% done=0
[R1] t=58 pos=(9, 2) state=IDLE batt=100% done=0
[R4] t=58 pos=(9, 11) state=IDLE batt=100% done=0
[R3] t=58 pos=(9, 8) state=IDLE batt=100% done=0
[R2] t=59 pos=(9, 5) state=IDLE batt=100% done=0
[R4] t=59 pos=(9, 11) state=IDLE batt=100% done=0
[R1] t=59 pos=(9, 2) state=IDLE batt=100% done=0
[R3] t=59 pos=(9, 8) state=IDLE batt=100% done=0
[R2] t=60 pos=(9, 5) state=IDLE batt=100% done=0
[R1] t=60 pos=(9, 2) state=IDLE batt=100% done=0
[R4] t=60 pos=(9, 11) state=IDLE batt=100% done=0
[R3] t=60 pos=(9, 8) state=IDLE batt=100% done=0
[R2] t=61 pos=(9, 5) state=IDLE batt=100% done=0
[R4] t=61 pos=(9, 11) state=IDLE batt=100% done=0
[R1] t=61 pos=(9, 2) state=IDLE batt=100% done=0
[R3] t=61 pos=(9, 8) state=IDLE batt=100% done=0
[R2] t=62 pos=(9, 5) state=IDLE batt=100% done=0
[R4] t=62 pos=(9, 11) state=IDLE batt=100% done=0
[R1] t=62 pos=(9, 2) state=IDLE batt=100% done=0
[R3] t=62 pos=(9, 8) state=IDLE batt=100% done=0
[R2] t=63 pos=(9, 5) state=IDLE batt=100% done=0
[R4] t=63 pos=(9, 11) state=IDLE batt=100% done=0
[R1] t=63 pos=(9, 2) state=IDLE batt=100% done=0
[R3] t=63 pos=(9, 8) state=IDLE batt=100% done=0
[R2] t=64 pos=(9, 5) state=IDLE batt=100% done=0
[R4] t=64 pos=(9, 11) state=IDLE batt=100% done=0
[R1] t=64 pos=(9, 2) state=IDLE batt=100% done=0
[R3] t=64 pos=(9, 8) state=IDLE batt=100% done=0
[R2] t=65 pos=(9, 5) state=IDLE batt=100% done=0
[R4] t=65 pos=(9, 11) state=IDLE batt=100% done=0
[R1] t=65 pos=(9, 2) state=IDLE batt=100% done=0
[R3] t=65 pos=(9, 8) state=IDLE batt=100% done=0
[R2] t=66 pos=(9, 5) state=IDLE batt=100% done=0
[R4] t=66 pos=(9, 11) state=IDLE batt=100% done=0
[R1] t=66 pos=(9, 2) state=IDLE batt=100% done=0
[R3] t=66 pos=(9, 8) state=IDLE batt=100% done=0
[R2] t=67 pos=(9, 5) state=IDLE batt=100% done=0
[R4] t=67 pos=(9, 11) state=IDLE batt=100% done=0
[R1] t=67 pos=(9, 2) state=IDLE batt=100% done=0
[R3] t=67 pos=(9, 8) state=IDLE batt=100% done=0
INFO:     127.0.0.1:58062 - "GET / HTTP/1.1" 200 OK
INFO:     127.0.0.1:58062 - "GET /warehouse HTTP/1.1" 200 OK
[R2] t=68 pos=(9, 5) state=IDLE batt=100% done=0
[R4] t=68 pos=(9, 11) state=IDLE batt=100% done=0
[R1] t=68 pos=(9, 2) state=IDLE batt=100% done=0
[R3] t=68 pos=(9, 8) state=IDLE batt=100% done=0
INFO:     127.0.0.1:58062 - "GET /warehouse HTTP/1.1" 200 OK
INFO:     127.0.0.1:58064 - "WebSocket /ws" [accepted]
INFO:     connection open
[R2] t=69 pos=(9, 5) state=IDLE batt=100% done=0
[R4] t=69 pos=(9, 11) state=IDLE batt=100% done=0
[R1] t=69 pos=(9, 2) state=IDLE batt=100% done=0
[R3] t=69 pos=(9, 8) state=IDLE batt=100% done=0
[R2] t=70 pos=(9, 5) state=IDLE batt=100% done=0
[R4] t=70 pos=(9, 11) state=IDLE batt=100% done=0
[R1] t=70 pos=(9, 2) state=IDLE batt=100% done=0
[R3] t=70 pos=(9, 8) state=IDLE batt=100% done=0
[R2] t=71 pos=(9, 5) state=IDLE batt=100% done=0
[R4] t=71 pos=(9, 11) state=IDLE batt=100% done=0
[R1] t=71 pos=(9, 2) state=IDLE batt=100% done=0
[R3] t=71 pos=(9, 8) state=IDLE batt=100% done=0
[R2] t=72 pos=(9, 5) state=IDLE batt=100% done=0
[R4] t=72 pos=(9, 11) state=IDLE batt=100% done=0
[R1] t=72 pos=(9, 2) state=IDLE batt=100% done=0
[R3] t=72 pos=(9, 8) state=IDLE batt=100% done=0
[R2] t=73 pos=(9, 5) state=IDLE batt=100% done=0
[R4] t=73 pos=(9, 11) state=IDLE batt=100% done=0
[R1] t=73 pos=(9, 2) state=IDLE batt=100% done=0
[R3] t=73 pos=(9, 8) state=IDLE batt=100% done=0
[R2] t=74 pos=(9, 5) state=IDLE batt=100% done=0
[R4] t=74 pos=(9, 11) state=IDLE batt=100% done=0
[R1] t=74 pos=(9, 2) state=IDLE batt=100% done=0
[R3] t=74 pos=(9, 8) state=IDLE batt=100% done=0
[R2] t=75 pos=(9, 5) state=IDLE batt=100% done=0
[R4] t=75 pos=(9, 11) state=IDLE batt=100% done=0
[R1] t=75 pos=(9, 2) state=IDLE batt=100% done=0
[R3] t=75 pos=(9, 8) state=IDLE batt=100% done=0
[R2] t=76 pos=(9, 5) state=IDLE batt=100% done=0
[R4] t=76 pos=(9, 11) state=IDLE batt=100% done=0
[R1] t=76 pos=(9, 2) state=IDLE batt=100% done=0
[R3] t=76 pos=(9, 8) state=IDLE batt=100% done=0
[R2] t=77 pos=(9, 5) state=IDLE batt=100% done=0
[R4] t=77 pos=(9, 11) state=IDLE batt=100% done=0
[R1] t=77 pos=(9, 2) state=IDLE batt=100% done=0
[R3] t=77 pos=(9, 8) state=IDLE batt=100% done=0
[R2] t=78 pos=(9, 5) state=IDLE batt=100% done=0
[R4] t=78 pos=(9, 11) state=IDLE batt=100% done=0
[R1] t=78 pos=(9, 2) state=IDLE batt=100% done=0
[R3] t=78 pos=(9, 8) state=IDLE batt=100% done=0
[R2] t=79 pos=(9, 5) state=IDLE batt=100% done=0
[R4] t=79 pos=(9, 11) state=IDLE batt=100% done=0
[R1] t=79 pos=(9, 2) state=IDLE batt=100% done=0
[R3] t=79 pos=(9, 8) state=IDLE batt=100% done=0
[R2] t=80 pos=(9, 5) state=IDLE batt=100% done=0
[R4] t=80 pos=(9, 11) state=IDLE batt=100% done=0
[R1] t=80 pos=(9, 2) state=IDLE batt=100% done=0
[R3] t=80 pos=(9, 8) state=IDLE batt=100% done=0
[R2] t=81 pos=(9, 5) state=IDLE batt=100% done=0
[R4] t=81 pos=(9, 11) state=IDLE batt=100% done=0
[R1] t=81 pos=(9, 2) state=IDLE batt=100% done=0
[R3] t=81 pos=(9, 8) state=IDLE batt=100% done=0
[R2] t=82 pos=(9, 5) state=IDLE batt=100% done=0
[R4] t=82 pos=(9, 11) state=IDLE batt=100% done=0
[R1] t=82 pos=(9, 2) state=IDLE batt=100% done=0
[R3] t=82 pos=(9, 8) state=IDLE batt=100% done=0
[R2] t=83 pos=(9, 5) state=IDLE batt=100% done=0
[R4] t=83 pos=(9, 11) state=IDLE batt=100% done=0
[R1] t=83 pos=(9, 2) state=IDLE batt=100% done=0
[R3] t=83 pos=(9, 8) state=IDLE batt=100% done=0
[R2] t=84 pos=(9, 5) state=IDLE batt=100% done=0
[R4] t=84 pos=(9, 11) state=IDLE batt=100% done=0
[R1] t=84 pos=(9, 2) state=IDLE batt=100% done=0
[R3] t=84 pos=(9, 8) state=IDLE batt=100% done=0
INFO:     127.0.0.1:58066 - "POST /api/reset HTTP/1.1" 200 OK
[R2] t=85 pos=(9, 5) state=IDLE batt=100% done=0
[R4] t=85 pos=(9, 11) state=IDLE batt=100% done=0
[R1] t=85 pos=(9, 2) state=IDLE batt=100% done=0
[R3] t=85 pos=(9, 8) state=IDLE batt=100% done=0
[R2] t=86 pos=(9, 5) state=IDLE batt=100% done=0
[R4] t=86 pos=(9, 11) state=IDLE batt=100% done=0
[R3] t=86 pos=(9, 8) state=IDLE batt=100% done=0
[R1] t=86 pos=(9, 2) state=IDLE batt=100% done=0
[R2] t=87 pos=(9, 5) state=IDLE batt=100% done=0
[R4] t=87 pos=(9, 11) state=IDLE batt=100% done=0
[R1] t=87 pos=(9, 2) state=IDLE batt=100% done=0
[R3] t=87 pos=(9, 8) state=IDLE batt=100% done=0
[R2] t=88 pos=(9, 5) state=IDLE batt=100% done=0
[R4] t=88 pos=(9, 11) state=IDLE batt=100% done=0
[R1] t=88 pos=(9, 2) state=IDLE batt=100% done=0
[R3] t=88 pos=(9, 8) state=IDLE batt=100% done=0
[R2] t=89 pos=(9, 5) state=IDLE batt=100% done=0
[R4] t=89 pos=(9, 11) state=IDLE batt=100% done=0
[R1] t=89 pos=(9, 2) state=IDLE batt=100% done=0
[R3] t=89 pos=(9, 8) state=IDLE batt=100% done=0
[R2] t=90 pos=(9, 5) state=IDLE batt=100% done=0
[R4] t=90 pos=(9, 11) state=IDLE batt=100% done=0
[R1] t=90 pos=(9, 2) state=IDLE batt=100% done=0
[R3] t=90 pos=(9, 8) state=IDLE batt=100% done=0
[R2] t=91 pos=(9, 5) state=IDLE batt=100% done=0
[R4] t=91 pos=(9, 11) state=IDLE batt=100% done=0
[R1] t=91 pos=(9, 2) state=IDLE batt=100% done=0
[R3] t=91 pos=(9, 8) state=IDLE batt=100% done=0
[R2] t=92 pos=(9, 5) state=IDLE batt=100% done=0
[R4] t=92 pos=(9, 11) state=IDLE batt=100% done=0
[R1] t=92 pos=(9, 2) state=IDLE batt=100% done=0
[R3] t=92 pos=(9, 8) state=IDLE batt=100% done=0
[R2] t=93 pos=(9, 5) state=IDLE batt=100% done=0
[R4] t=93 pos=(9, 11) state=IDLE batt=100% done=0
[R1] t=93 pos=(9, 2) state=IDLE batt=100% done=0
[R3] t=93 pos=(9, 8) state=IDLE batt=100% done=0
[R2] t=94 pos=(9, 5) state=IDLE batt=100% done=0
[R4] t=94 pos=(9, 11) state=IDLE batt=100% done=0
[R1] t=94 pos=(9, 2) state=IDLE batt=100% done=0
[R3] t=94 pos=(9, 8) state=IDLE batt=100% done=0
[R2] t=95 pos=(9, 5) state=IDLE batt=100% done=0
[R4] t=95 pos=(9, 11) state=IDLE batt=100% done=0
[R1] t=95 pos=(9, 2) state=IDLE batt=100% done=0
[R3] t=95 pos=(9, 8) state=IDLE batt=100% done=0
[R2] t=96 pos=(9, 5) state=IDLE batt=100% done=0
[R4] t=96 pos=(9, 11) state=IDLE batt=100% done=0
[R1] t=96 pos=(9, 2) state=IDLE batt=100% done=0
[R3] t=96 pos=(9, 8) state=IDLE batt=100% done=0
[R2] t=97 pos=(9, 5) state=IDLE batt=100% done=0
[R4] t=97 pos=(9, 11) state=IDLE batt=100% done=0
[R1] t=97 pos=(9, 2) state=IDLE batt=100% done=0
[R3] t=97 pos=(9, 8) state=IDLE batt=100% done=0
[R2] t=98 pos=(9, 5) state=IDLE batt=100% done=0
[R4] t=98 pos=(9, 11) state=IDLE batt=100% done=0
[R1] t=98 pos=(9, 2) state=IDLE batt=100% done=0
[R3] t=98 pos=(9, 8) state=IDLE batt=100% done=0
[R2] t=99 pos=(9, 5) state=IDLE batt=100% done=0
[R4] t=99 pos=(9, 11) state=IDLE batt=100% done=0
[R1] t=99 pos=(9, 2) state=IDLE batt=100% done=0
[R3] t=99 pos=(9, 8) state=IDLE batt=100% done=0
[R2] t=100 pos=(9, 5) state=IDLE batt=100% done=0
[R4] t=100 pos=(9, 11) state=IDLE batt=100% done=0
[R1] t=100 pos=(9, 2) state=IDLE batt=100% done=0
[R3] t=100 pos=(9, 8) state=IDLE batt=100% done=0
[R2] t=101 pos=(9, 5) state=IDLE batt=100% done=0
[R4] t=101 pos=(9, 11) state=IDLE batt=100% done=0
[R1] t=101 pos=(9, 2) state=IDLE batt=100% done=0
[R3] t=101 pos=(9, 8) state=IDLE batt=100% done=0
INFO:     127.0.0.1:58068 - "POST /api/spawn-batch HTTP/1.1" 200 OK
[R2] t=102 pos=(9, 5) state=IDLE batt=100% done=0
[R4] t=102 pos=(9, 11) state=IDLE batt=100% done=0
[R1] t=102 pos=(9, 2) state=IDLE batt=100% done=0
[R3] t=102 pos=(9, 8) state=IDLE batt=100% done=0
[R2] t=103 pos=(9, 5) state=IDLE batt=100% done=0
[R4] t=103 pos=(9, 11) state=IDLE batt=100% done=0
[R1] t=103 pos=(9, 2) state=IDLE batt=100% done=0
[R3] t=103 pos=(9, 8) state=IDLE batt=100% done=0
[R2] t=104 pos=(9, 5) state=IDLE batt=100% done=0
[R4] t=104 pos=(9, 11) state=IDLE batt=100% done=0
[R1] t=104 pos=(9, 2) state=IDLE batt=100% done=0
[R3] t=104 pos=(9, 8) state=IDLE batt=100% done=0
[R2] t=105 pos=(9, 5) state=EN_ROUTE_TO_PICKUP batt=100% done=0
[R4] t=105 pos=(9, 11) state=IDLE batt=100% done=0
[R1] t=105 pos=(9, 2) state=EN_ROUTE_TO_PICKUP batt=100% done=0
[R3] t=105 pos=(9, 8) state=EN_ROUTE_TO_PICKUP batt=100% done=0
[R2] t=106 pos=(8, 5) state=EN_ROUTE_TO_PICKUP batt=100% done=0
[R4] t=106 pos=(9, 11) state=IDLE batt=100% done=0
[R1] t=106 pos=(8, 2) state=EN_ROUTE_TO_PICKUP batt=100% done=0
[R3] t=106 pos=(8, 8) state=EN_ROUTE_TO_PICKUP batt=100% done=0
[R2] t=107 pos=(8, 5) state=EN_ROUTE_TO_DROPOFF batt=100% done=0
[R4] t=107 pos=(9, 11) state=IDLE batt=100% done=0
[R1] t=107 pos=(8, 2) state=EN_ROUTE_TO_DROPOFF batt=100% done=0
[R3] t=107 pos=(8, 8) state=EN_ROUTE_TO_DROPOFF batt=100% done=0
[R2] t=108 pos=(8, 6) state=EN_ROUTE_TO_DROPOFF batt=99% done=0
[R4] t=108 pos=(9, 11) state=IDLE batt=100% done=0
[R1] t=108 pos=(8, 1) state=EN_ROUTE_TO_DROPOFF batt=99% done=0
[DEBUG R3] t=108 Opportunistic replan failed or not better. Old len: 9, New len: 9
[R3] t=108 pos=(8, 9) state=EN_ROUTE_TO_DROPOFF batt=99% done=0
[R2] t=109 pos=(8, 7) state=EN_ROUTE_TO_DROPOFF batt=99% done=0
[R4] t=109 pos=(9, 11) state=IDLE batt=100% done=0
[R1] t=109 pos=(7, 1) state=EN_ROUTE_TO_DROPOFF batt=99% done=0
[R3] t=109 pos=(8, 10) state=EN_ROUTE_TO_DROPOFF batt=99% done=0
[R2] t=110 pos=(7, 7) state=EN_ROUTE_TO_DROPOFF batt=99% done=0
[R4] t=110 pos=(9, 11) state=IDLE batt=100% done=0
[R1] t=110 pos=(6, 1) state=EN_ROUTE_TO_DROPOFF batt=99% done=0
[R3] t=110 pos=(7, 10) state=EN_ROUTE_TO_DROPOFF batt=99% done=0
[R2] t=111 pos=(6, 7) state=EN_ROUTE_TO_DROPOFF batt=98% done=0
[R4] t=111 pos=(9, 11) state=IDLE batt=100% done=0
[R1] t=111 pos=(5, 1) state=EN_ROUTE_TO_DROPOFF batt=98% done=0
[DEBUG R3] t=111 Opportunistic replan failed or not better. Old len: 6, New len: 6
[R3] t=111 pos=(6, 10) state=EN_ROUTE_TO_DROPOFF batt=98% done=0
[R2] t=112 pos=(5, 7) state=EN_ROUTE_TO_DROPOFF batt=98% done=0
[R4] t=112 pos=(9, 11) state=IDLE batt=100% done=0
[R1] t=112 pos=(4, 1) state=EN_ROUTE_TO_DROPOFF batt=98% done=0
[R3] t=112 pos=(5, 10) state=EN_ROUTE_TO_DROPOFF batt=98% done=0
[R2] t=113 pos=(4, 7) state=EN_ROUTE_TO_DROPOFF batt=98% done=0
[R4] t=113 pos=(9, 11) state=IDLE batt=100% done=0
[R1] t=113 pos=(4, 2) state=EN_ROUTE_TO_DROPOFF batt=98% done=0
[R3] t=113 pos=(4, 10) state=EN_ROUTE_TO_DROPOFF batt=98% done=0
[R2] t=114 pos=(4, 7) state=IDLE batt=98% done=1
[R4] t=114 pos=(9, 11) state=IDLE batt=100% done=0
[R1] t=114 pos=(4, 2) state=IDLE batt=98% done=1
[DEBUG R3] t=114 Opportunistic replan failed or not better. Old len: 3, New len: 3
[R3] t=114 pos=(4, 11) state=EN_ROUTE_TO_DROPOFF batt=97% done=0
[R2] t=115 pos=(4, 7) state=IDLE batt=98% done=1
[R4] t=115 pos=(9, 11) state=IDLE batt=100% done=0
[R1] t=115 pos=(4, 2) state=IDLE batt=98% done=1
[R3] t=115 pos=(4, 12) state=EN_ROUTE_TO_DROPOFF batt=97% done=0
[R2] t=116 pos=(4, 7) state=IDLE batt=98% done=1
[R4] t=116 pos=(9, 11) state=IDLE batt=100% done=0
[R1] t=116 pos=(4, 2) state=IDLE batt=98% done=1
[R3] t=116 pos=(4, 12) state=IDLE batt=97% done=1
[R2] t=117 pos=(4, 7) state=IDLE batt=98% done=1
[R4] t=117 pos=(9, 11) state=IDLE batt=100% done=0
[R1] t=117 pos=(4, 2) state=IDLE batt=98% done=1
[R3] t=117 pos=(4, 12) state=IDLE batt=97% done=1
[R4] t=118 pos=(9, 11) state=IDLE batt=100% done=0
[R2] t=118 pos=(4, 7) state=IDLE batt=98% done=1
[R1] t=118 pos=(4, 2) state=IDLE batt=98% done=1
[R3] t=118 pos=(4, 12) state=IDLE batt=97% done=1
[R4] t=119 pos=(9, 11) state=IDLE batt=100% done=0
[R2] t=119 pos=(4, 7) state=IDLE batt=98% done=1
[R1] t=119 pos=(4, 2) state=IDLE batt=98% done=1
[R3] t=119 pos=(4, 12) state=IDLE batt=97% done=1
INFO:     127.0.0.1:58070 - "POST /api/spawn-batch HTTP/1.1" 200 OK
[R2] t=120 pos=(4, 7) state=IDLE batt=98% done=1
[R4] t=120 pos=(9, 11) state=IDLE batt=100% done=0
[R1] t=120 pos=(4, 2) state=IDLE batt=98% done=1
[R3] t=120 pos=(4, 12) state=IDLE batt=97% done=1
[R2] t=121 pos=(4, 7) state=IDLE batt=98% done=1
[R4] t=121 pos=(9, 11) state=IDLE batt=100% done=0
[R1] t=121 pos=(4, 2) state=IDLE batt=98% done=1
[R3] t=121 pos=(4, 12) state=IDLE batt=97% done=1
[R4] t=122 pos=(9, 11) state=IDLE batt=100% done=0
[R2] t=122 pos=(4, 7) state=IDLE batt=98% done=1
[R1] t=122 pos=(4, 2) state=IDLE batt=98% done=1
[R3] t=122 pos=(4, 12) state=IDLE batt=97% done=1
[R4] t=123 pos=(9, 11) state=IDLE batt=100% done=0
[R2] t=123 pos=(4, 7) state=IDLE batt=98% done=1
[R1] t=123 pos=(4, 2) state=EN_ROUTE_TO_PICKUP batt=98% done=1
[R3] t=123 pos=(4, 12) state=EN_ROUTE_TO_PICKUP batt=97% done=1
[R4] t=124 pos=(9, 11) state=IDLE batt=100% done=0
[R2] t=124 pos=(4, 7) state=IDLE batt=98% done=1
[R1] t=124 pos=(4, 1) state=EN_ROUTE_TO_PICKUP batt=97% done=1
[R3] t=124 pos=(4, 13) state=EN_ROUTE_TO_PICKUP batt=97% done=1
[R4] t=125 pos=(9, 11) state=IDLE batt=100% done=0
[R2] t=125 pos=(4, 7) state=IDLE batt=98% done=1
[R1] t=125 pos=(4, 1) state=EN_ROUTE_TO_DROPOFF batt=97% done=1
[R3] t=125 pos=(4, 13) state=EN_ROUTE_TO_DROPOFF batt=97% done=1
[R4] t=126 pos=(9, 11) state=IDLE batt=100% done=0
[R2] t=126 pos=(4, 7) state=IDLE batt=98% done=1
[R1] t=126 pos=(4, 2) state=EN_ROUTE_TO_DROPOFF batt=97% done=1
[DEBUG R3] t=126 Opportunistic replan failed or not better. Old len: 12, New len: 12
[R3] t=126 pos=(4, 12) state=EN_ROUTE_TO_DROPOFF batt=96% done=1
[R4] t=127 pos=(9, 11) state=IDLE batt=100% done=0
[R2] t=127 pos=(4, 7) state=IDLE batt=98% done=1
[R1] t=127 pos=(4, 3) state=EN_ROUTE_TO_DROPOFF batt=97% done=1
[R3] t=127 pos=(4, 11) state=EN_ROUTE_TO_DROPOFF batt=96% done=1
[R4] t=128 pos=(9, 11) state=IDLE batt=100% done=0
[R2] t=128 pos=(4, 7) state=IDLE batt=98% done=1
[R1] t=128 pos=(4, 4) state=EN_ROUTE_TO_DROPOFF batt=96% done=1
[R3] t=128 pos=(4, 10) state=EN_ROUTE_TO_DROPOFF batt=95% done=1
[R2] t=129 pos=(4, 7) state=IDLE batt=98% done=1
[R4] t=129 pos=(9, 11) state=IDLE batt=100% done=0
[R1] t=129 pos=(4, 5) state=EN_ROUTE_TO_DROPOFF batt=96% done=1
[DEBUG R3] t=129 Opportunistic replan failed or not better. Old len: 9, New len: 9
[R3] t=129 pos=(4, 9) state=EN_ROUTE_TO_DROPOFF batt=95% done=1
[R2] t=130 pos=(4, 7) state=IDLE batt=98% done=1
[R4] t=130 pos=(9, 11) state=IDLE batt=100% done=0
[R1] t=130 pos=(4, 6) state=EN_ROUTE_TO_DROPOFF batt=95% done=1
[R3] t=130 pos=(4, 8) state=EN_ROUTE_TO_DROPOFF batt=95% done=1
[R2] t=131 pos=(4, 7) state=IDLE batt=98% done=1
[R4] t=131 pos=(9, 11) state=IDLE batt=100% done=0
[R1] t=131 pos=(4, 6) state=EN_ROUTE_TO_DROPOFF batt=95% done=1
[R3] t=131 pos=(4, 8) state=EN_ROUTE_TO_DROPOFF batt=94% done=1
[R2] t=132 pos=(4, 7) state=IDLE batt=98% done=1
[R4] t=132 pos=(9, 11) state=IDLE batt=100% done=0
[R1] t=132 pos=(4, 6) state=EN_ROUTE_TO_DROPOFF batt=95% done=1
[DEBUG R3] t=132 Opportunistic replan failed or not better. Old len: 6, New len: 8
[R3] t=132 pos=(4, 8) state=EN_ROUTE_TO_DROPOFF batt=94% done=1
[R2] t=133 pos=(4, 7) state=IDLE batt=98% done=1
[R4] t=133 pos=(9, 11) state=IDLE batt=100% done=0
[R1] t=133 pos=(4, 6) state=EN_ROUTE_TO_DROPOFF batt=94% done=1
[R3] t=133 pos=(4, 8) state=EN_ROUTE_TO_DROPOFF batt=94% done=1
[R2] t=134 pos=(4, 7) state=IDLE batt=98% done=1
[R4] t=134 pos=(9, 11) state=IDLE batt=100% done=0
[R1] t=134 pos=(4, 6) state=EN_ROUTE_TO_DROPOFF batt=94% done=1
[R3] t=134 pos=(4, 8) state=EN_ROUTE_TO_DROPOFF batt=93% done=1
[R2] t=135 pos=(4, 7) state=IDLE batt=98% done=1
[R4] t=135 pos=(9, 11) state=IDLE batt=100% done=0
[R1] t=135 pos=(4, 6) state=EN_ROUTE_TO_DROPOFF batt=94% done=1
[DEBUG R3] t=135 Opportunistic replan failed or not better. Old len: 3, New len: 8
[R3] t=135 pos=(4, 8) state=EN_ROUTE_TO_DROPOFF batt=93% done=1
[R2] t=136 pos=(4, 7) state=IDLE batt=98% done=1
[R4] t=136 pos=(9, 11) state=IDLE batt=100% done=0
[R1] t=136 pos=(4, 6) state=EN_ROUTE_TO_DROPOFF batt=94% done=1
[R3] t=136 pos=(4, 8) state=EN_ROUTE_TO_DROPOFF batt=93% done=1
[R2] t=137 pos=(5, 7) state=IDLE batt=98% done=1
[R4] t=137 pos=(9, 11) state=IDLE batt=100% done=0
[R1] t=137 pos=(4, 7) state=EN_ROUTE_TO_DROPOFF batt=94% done=1
[R3] t=137 pos=(4, 8) state=EN_ROUTE_TO_DROPOFF batt=93% done=1
[R2] t=138 pos=(5, 7) state=IDLE batt=98% done=1
[R4] t=138 pos=(9, 11) state=IDLE batt=100% done=0
[R1] t=138 pos=(4, 7) state=EN_ROUTE_TO_DROPOFF batt=94% done=1
[R3] t=138 pos=(4, 8) state=EN_ROUTE_TO_DROPOFF batt=93% done=1
[R2] t=139 pos=(5, 7) state=IDLE batt=98% done=1
[R4] t=139 pos=(9, 11) state=IDLE batt=100% done=0
[R1] t=139 pos=(4, 7) state=EN_ROUTE_TO_DROPOFF batt=94% done=1
[R3] t=139 pos=(4, 8) state=EN_ROUTE_TO_DROPOFF batt=93% done=1
[R4] t=140 pos=(9, 11) state=IDLE batt=100% done=0
[R2] t=140 pos=(5, 7) state=IDLE batt=98% done=1
[R1] t=140 pos=(4, 7) state=EN_ROUTE_TO_DROPOFF batt=94% done=1
[R3] t=140 pos=(4, 8) state=EN_ROUTE_TO_DROPOFF batt=93% done=1
[R4] t=141 pos=(9, 11) state=IDLE batt=100% done=0
[R2] t=141 pos=(5, 7) state=IDLE batt=98% done=1
[R1] t=141 pos=(4, 7) state=EN_ROUTE_TO_DROPOFF batt=94% done=1
[R3] t=141 pos=(4, 8) state=EN_ROUTE_TO_DROPOFF batt=93% done=1
[R2] t=142 pos=(5, 7) state=IDLE batt=98% done=1
[R4] t=142 pos=(9, 11) state=IDLE batt=100% done=0
[R1] t=142 pos=(4, 7) state=EN_ROUTE_TO_DROPOFF batt=94% done=1
[R3] t=142 pos=(4, 8) state=EN_ROUTE_TO_DROPOFF batt=93% done=1
[R2] t=143 pos=(5, 7) state=IDLE batt=98% done=1
[R4] t=143 pos=(9, 11) state=IDLE batt=100% done=0
[R1] t=143 pos=(4, 7) state=EN_ROUTE_TO_DROPOFF batt=94% done=1
[R3] t=143 pos=(4, 8) state=EN_ROUTE_TO_DROPOFF batt=93% done=1
[R2] t=144 pos=(5, 7) state=IDLE batt=98% done=1
[R4] t=144 pos=(9, 11) state=IDLE batt=100% done=0
[R1] t=144 pos=(4, 7) state=EN_ROUTE_TO_DROPOFF batt=94% done=1
[R3] t=144 pos=(4, 8) state=EN_ROUTE_TO_DROPOFF batt=93% done=1
[R4] t=145 pos=(9, 11) state=IDLE batt=100% done=0
[R2] t=145 pos=(5, 7) state=IDLE batt=98% done=1
[R1] t=145 pos=(4, 7) state=EN_ROUTE_TO_DROPOFF batt=94% done=1
[R3] t=145 pos=(4, 8) state=EN_ROUTE_TO_DROPOFF batt=93% done=1
[R4] t=146 pos=(9, 11) state=IDLE batt=100% done=0
[R2] t=146 pos=(5, 7) state=IDLE batt=98% done=1
[R1] t=146 pos=(4, 7) state=EN_ROUTE_TO_DROPOFF batt=94% done=1
[R3] t=146 pos=(4, 8) state=EN_ROUTE_TO_DROPOFF batt=93% done=1
[R4] t=147 pos=(9, 11) state=IDLE batt=100% done=0
[R2] t=147 pos=(5, 7) state=IDLE batt=98% done=1
[R1] t=147 pos=(4, 7) state=EN_ROUTE_TO_DROPOFF batt=94% done=1
[R3] t=147 pos=(4, 8) state=EN_ROUTE_TO_DROPOFF batt=93% done=1
[R4] t=148 pos=(9, 11) state=IDLE batt=100% done=0
[R2] t=148 pos=(5, 7) state=IDLE batt=98% done=1
[R1] t=148 pos=(4, 7) state=EN_ROUTE_TO_DROPOFF batt=94% done=1
[R3] t=148 pos=(4, 8) state=EN_ROUTE_TO_DROPOFF batt=93% done=1
[R4] t=149 pos=(9, 11) state=IDLE batt=100% done=0
[R2] t=149 pos=(5, 7) state=IDLE batt=98% done=1
[R1] t=149 pos=(4, 7) state=EN_ROUTE_TO_DROPOFF batt=94% done=1
[R3] t=149 pos=(4, 8) state=EN_ROUTE_TO_DROPOFF batt=93% done=1
[R4] t=150 pos=(9, 11) state=IDLE batt=100% done=0
[R2] t=150 pos=(5, 7) state=IDLE batt=98% done=1
[R1] t=150 pos=(4, 7) state=EN_ROUTE_TO_DROPOFF batt=94% done=1
[R3] t=150 pos=(4, 8) state=EN_ROUTE_TO_DROPOFF batt=93% done=1
[R4] t=151 pos=(9, 11) state=IDLE batt=100% done=0
[R2] t=151 pos=(5, 7) state=IDLE batt=98% done=1
[R1] t=151 pos=(4, 7) state=EN_ROUTE_TO_DROPOFF batt=94% done=1
[R3] t=151 pos=(4, 8) state=EN_ROUTE_TO_DROPOFF batt=93% done=1
[R4] t=152 pos=(9, 11) state=IDLE batt=100% done=0
[R2] t=152 pos=(5, 7) state=IDLE batt=98% done=1
[R1] t=152 pos=(4, 7) state=EN_ROUTE_TO_DROPOFF batt=94% done=1
[R3] t=152 pos=(4, 8) state=EN_ROUTE_TO_DROPOFF batt=93% done=1
[R4] t=153 pos=(9, 11) state=IDLE batt=100% done=0
[R2] t=153 pos=(5, 7) state=IDLE batt=98% done=1
[R1] t=153 pos=(4, 7) state=EN_ROUTE_TO_DROPOFF batt=94% done=1
[R3] t=153 pos=(4, 8) state=EN_ROUTE_TO_DROPOFF batt=93% done=1
[R4] t=154 pos=(9, 11) state=IDLE batt=100% done=0
[R2] t=154 pos=(5, 7) state=IDLE batt=98% done=1
[R1] t=154 pos=(4, 7) state=EN_ROUTE_TO_DROPOFF batt=94% done=1
[R3] t=154 pos=(4, 8) state=EN_ROUTE_TO_DROPOFF batt=93% done=1
[R4] t=155 pos=(9, 11) state=IDLE batt=100% done=0
[R2] t=155 pos=(5, 7) state=IDLE batt=98% done=1
[R1] t=155 pos=(4, 7) state=EN_ROUTE_TO_DROPOFF batt=94% done=1
[R3] t=155 pos=(4, 8) state=EN_ROUTE_TO_DROPOFF batt=93% done=1
[R4] t=156 pos=(9, 11) state=IDLE batt=100% done=0
[R2] t=156 pos=(5, 7) state=IDLE batt=98% done=1
[R1] t=156 pos=(4, 7) state=EN_ROUTE_TO_DROPOFF batt=94% done=1
[R3] t=156 pos=(4, 8) state=EN_ROUTE_TO_DROPOFF batt=93% done=1
[R4] t=157 pos=(9, 11) state=IDLE batt=100% done=0
[R2] t=157 pos=(5, 7) state=IDLE batt=98% done=1
[R1] t=157 pos=(4, 7) state=EN_ROUTE_TO_DROPOFF batt=94% done=1
[R3] t=157 pos=(4, 8) state=EN_ROUTE_TO_DROPOFF batt=93% done=1
[R4] t=158 pos=(9, 11) state=IDLE batt=100% done=0
[R2] t=158 pos=(5, 7) state=IDLE batt=98% done=1
[R1] t=158 pos=(4, 7) state=EN_ROUTE_TO_DROPOFF batt=94% done=1
[R3] t=158 pos=(4, 8) state=EN_ROUTE_TO_DROPOFF batt=93% done=1
[R4] t=159 pos=(9, 11) state=IDLE batt=100% done=0
[R2] t=159 pos=(5, 7) state=IDLE batt=98% done=1
[R1] t=159 pos=(4, 7) state=EN_ROUTE_TO_DROPOFF batt=94% done=1
[DEBUG R3] t=159 Opportunistic replan failed or not better. Old len: 19, New len: 19
[R3] t=159 pos=(4, 9) state=EN_ROUTE_TO_DROPOFF batt=93% done=1
[R4] t=160 pos=(9, 11) state=IDLE batt=100% done=0
[R2] t=160 pos=(5, 7) state=IDLE batt=98% done=1
[R1] t=160 pos=(4, 8) state=EN_ROUTE_TO_DROPOFF batt=93% done=1
[R3] t=160 pos=(4, 10) state=EN_ROUTE_TO_DROPOFF batt=93% done=1
[R4] t=161 pos=(9, 11) state=IDLE batt=100% done=0
[R2] t=161 pos=(5, 7) state=IDLE batt=98% done=1
[R1] t=161 pos=(4, 8) state=IDLE batt=93% done=2
[R3] t=161 pos=(3, 10) state=EN_ROUTE_TO_DROPOFF batt=92% done=1
[R4] t=162 pos=(9, 11) state=IDLE batt=100% done=0
[R2] t=162 pos=(5, 7) state=IDLE batt=98% done=1
[R1] t=162 pos=(4, 8) state=IDLE batt=93% done=2
[DEBUG R3] t=162 ADOPTED NEW PATH! Old len: 16, New len: 10
[R3] t=162 pos=(3, 10) state=EN_ROUTE_TO_DROPOFF batt=92% done=1
[R4] t=163 pos=(9, 11) state=IDLE batt=100% done=0
[R2] t=163 pos=(5, 7) state=IDLE batt=98% done=1
[R1] t=163 pos=(4, 8) state=IDLE batt=93% done=2
[R3] t=163 pos=(4, 10) state=EN_ROUTE_TO_DROPOFF batt=92% done=1
[R4] t=164 pos=(9, 11) state=IDLE batt=100% done=0
[R2] t=164 pos=(5, 7) state=IDLE batt=98% done=1
[R1] t=164 pos=(4, 8) state=IDLE batt=93% done=2
[R3] t=164 pos=(4, 9) state=EN_ROUTE_TO_DROPOFF batt=92% done=1
[R4] t=165 pos=(9, 11) state=IDLE batt=100% done=0
[R2] t=165 pos=(5, 7) state=IDLE batt=98% done=1
[R1] t=165 pos=(4, 8) state=IDLE batt=93% done=2
[DEBUG R3] t=165 Opportunistic replan failed or not better. Old len: 8, New len: 9
[R3] t=165 pos=(4, 9) state=EN_ROUTE_TO_DROPOFF batt=91% done=1
[R4] t=166 pos=(9, 11) state=IDLE batt=100% done=0
[R2] t=166 pos=(5, 7) state=IDLE batt=98% done=1
[R1] t=166 pos=(4, 8) state=IDLE batt=93% done=2
[R3] t=166 pos=(4, 9) state=EN_ROUTE_TO_DROPOFF batt=91% done=1
[R4] t=167 pos=(9, 11) state=IDLE batt=100% done=0
[R2] t=167 pos=(5, 7) state=IDLE batt=98% done=1
[R1] t=167 pos=(4, 8) state=IDLE batt=93% done=2
[R3] t=167 pos=(4, 9) state=EN_ROUTE_TO_DROPOFF batt=91% done=1
[R2] t=168 pos=(5, 7) state=IDLE batt=98% done=1
[R4] t=168 pos=(9, 11) state=IDLE batt=100% done=0
[R1] t=168 pos=(4, 8) state=IDLE batt=93% done=2
[DEBUG R3] t=168 Opportunistic replan failed or not better. Old len: 5, New len: 9
[R3] t=168 pos=(4, 9) state=EN_ROUTE_TO_DROPOFF batt=90% done=1
[R2] t=169 pos=(5, 7) state=IDLE batt=98% done=1
[R4] t=169 pos=(9, 11) state=IDLE batt=100% done=0
[R1] t=169 pos=(4, 8) state=IDLE batt=93% done=2
[R3] t=169 pos=(4, 9) state=EN_ROUTE_TO_DROPOFF batt=90% done=1
[R2] t=170 pos=(5, 7) state=IDLE batt=98% done=1
[R4] t=170 pos=(9, 11) state=IDLE batt=100% done=0
[R1] t=170 pos=(4, 8) state=IDLE batt=93% done=2
[R3] t=170 pos=(4, 9) state=EN_ROUTE_TO_DROPOFF batt=90% done=1
[R2] t=171 pos=(5, 7) state=IDLE batt=98% done=1
[R4] t=171 pos=(9, 11) state=IDLE batt=100% done=0
[R1] t=171 pos=(4, 8) state=IDLE batt=93% done=2
[R3] t=171 pos=(4, 9) state=EN_ROUTE_TO_DROPOFF batt=90% done=1
[R4] t=172 pos=(9, 11) state=IDLE batt=100% done=0
[R2] t=172 pos=(5, 7) state=IDLE batt=98% done=1
[R1] t=172 pos=(4, 7) state=IDLE batt=93% done=2
[R3] t=172 pos=(4, 8) state=EN_ROUTE_TO_DROPOFF batt=90% done=1
[R2] t=173 pos=(5, 7) state=IDLE batt=98% done=1
[R4] t=173 pos=(9, 11) state=IDLE batt=100% done=0
[R1] t=173 pos=(3, 7) state=IDLE batt=93% done=2
[R3] t=173 pos=(4, 7) state=EN_ROUTE_TO_DROPOFF batt=90% done=1
[R4] t=174 pos=(9, 11) state=IDLE batt=100% done=0
[R2] t=174 pos=(5, 7) state=IDLE batt=98% done=1
[R1] t=174 pos=(3, 7) state=IDLE batt=93% done=2
[DEBUG R3] t=174 Opportunistic replan failed or not better. Old len: 2, New len: 2
[R3] t=174 pos=(4, 6) state=EN_ROUTE_TO_DROPOFF batt=89% done=1
[R4] t=175 pos=(9, 11) state=IDLE batt=100% done=0
[R2] t=175 pos=(5, 7) state=IDLE batt=98% done=1
[R1] t=175 pos=(3, 7) state=IDLE batt=93% done=2
[R3] t=175 pos=(4, 6) state=IDLE batt=89% done=2
[R4] t=176 pos=(9, 11) state=IDLE batt=100% done=0
[R2] t=176 pos=(5, 7) state=IDLE batt=98% done=1
[R1] t=176 pos=(3, 7) state=IDLE batt=93% done=2
[R3] t=176 pos=(4, 6) state=IDLE batt=89% done=2
[R4] t=177 pos=(9, 11) state=IDLE batt=100% done=0
[R2] t=177 pos=(5, 7) state=IDLE batt=98% done=1
[R1] t=177 pos=(3, 7) state=IDLE batt=93% done=2
[R3] t=177 pos=(4, 6) state=IDLE batt=89% done=2
[R4] t=178 pos=(9, 11) state=IDLE batt=100% done=0
[R2] t=178 pos=(5, 7) state=IDLE batt=98% done=1
[R1] t=178 pos=(3, 7) state=IDLE batt=93% done=2
[R3] t=178 pos=(4, 6) state=IDLE batt=89% done=2
INFO:     127.0.0.1:58072 - "POST /api/reset HTTP/1.1" 200 OK
[R4] t=179 pos=(9, 11) state=IDLE batt=100% done=0
[R2] t=179 pos=(9, 5) state=IDLE batt=100% done=0
[R1] t=179 pos=(9, 2) state=IDLE batt=100% done=0
[R3] t=179 pos=(9, 8) state=IDLE batt=100% done=0
[R4] t=180 pos=(9, 11) state=IDLE batt=100% done=0
[R2] t=180 pos=(9, 5) state=IDLE batt=100% done=0
[R1] t=180 pos=(9, 2) state=IDLE batt=100% done=0
[R3] t=180 pos=(9, 8) state=IDLE batt=100% done=0
[R4] t=181 pos=(9, 11) state=IDLE batt=100% done=0
[R2] t=181 pos=(9, 5) state=IDLE batt=100% done=0
[R1] t=181 pos=(9, 2) state=IDLE batt=100% done=0
[R3] t=181 pos=(9, 8) state=IDLE batt=100% done=0
[R4] t=182 pos=(9, 11) state=IDLE batt=100% done=0
[R2] t=182 pos=(9, 5) state=IDLE batt=100% done=0
[R1] t=182 pos=(9, 2) state=IDLE batt=100% done=0
[R3] t=182 pos=(9, 8) state=IDLE batt=100% done=0
[R4] t=183 pos=(9, 11) state=IDLE batt=100% done=0
[R2] t=183 pos=(9, 5) state=IDLE batt=100% done=0
[R1] t=183 pos=(9, 2) state=IDLE batt=100% done=0
[R3] t=183 pos=(9, 8) state=IDLE batt=100% done=0
[R4] t=184 pos=(9, 11) state=IDLE batt=100% done=0
[R2] t=184 pos=(9, 5) state=IDLE batt=100% done=0
[R1] t=184 pos=(9, 2) state=IDLE batt=100% done=0
[R3] t=184 pos=(9, 8) state=IDLE batt=100% done=0
[R4] t=185 pos=(9, 11) state=IDLE batt=100% done=0
[R2] t=185 pos=(9, 5) state=IDLE batt=100% done=0
[R1] t=185 pos=(9, 2) state=IDLE batt=100% done=0
[R3] t=185 pos=(9, 8) state=IDLE batt=100% done=0
[R4] t=186 pos=(9, 11) state=IDLE batt=100% done=0
[R2] t=186 pos=(9, 5) state=IDLE batt=100% done=0
[R1] t=186 pos=(9, 2) state=IDLE batt=100% done=0
[R3] t=186 pos=(9, 8) state=IDLE batt=100% done=0
[R4] t=187 pos=(9, 11) state=IDLE batt=100% done=0
[R2] t=187 pos=(9, 5) state=IDLE batt=100% done=0
[R1] t=187 pos=(9, 2) state=IDLE batt=100% done=0
[R3] t=187 pos=(9, 8) state=IDLE batt=100% done=0
[R4] t=188 pos=(9, 11) state=IDLE batt=100% done=0
[R2] t=188 pos=(9, 5) state=IDLE batt=100% done=0
[R1] t=188 pos=(9, 2) state=IDLE batt=100% done=0
[R3] t=188 pos=(9, 8) state=IDLE batt=100% done=0
[R4] t=189 pos=(9, 11) state=IDLE batt=100% done=0
[R2] t=189 pos=(9, 5) state=IDLE batt=100% done=0
[R1] t=189 pos=(9, 2) state=IDLE batt=100% done=0
[R3] t=189 pos=(9, 8) state=IDLE batt=100% done=0
[R4] t=190 pos=(9, 11) state=IDLE batt=100% done=0
[R2] t=190 pos=(9, 5) state=IDLE batt=100% done=0
[R1] t=190 pos=(9, 2) state=IDLE batt=100% done=0
[R3] t=190 pos=(9, 8) state=IDLE batt=100% done=0
[R2] t=191 pos=(9, 5) state=IDLE batt=100% done=0
[R4] t=191 pos=(9, 11) state=IDLE batt=100% done=0
[R1] t=191 pos=(9, 2) state=IDLE batt=100% done=0
[R3] t=191 pos=(9, 8) state=IDLE batt=100% done=0
[R2] t=192 pos=(9, 5) state=IDLE batt=100% done=0
[R4] t=192 pos=(9, 11) state=IDLE batt=100% done=0
[R1] t=192 pos=(9, 2) state=IDLE batt=100% done=0
[R3] t=192 pos=(9, 8) state=IDLE batt=100% done=0
[R2] t=193 pos=(9, 5) state=IDLE batt=100% done=0
[R4] t=193 pos=(9, 11) state=IDLE batt=100% done=0
[R1] t=193 pos=(9, 2) state=IDLE batt=100% done=0
[R3] t=193 pos=(9, 8) state=IDLE batt=100% done=0
[R2] t=194 pos=(9, 5) state=IDLE batt=100% done=0
[R4] t=194 pos=(9, 11) state=IDLE batt=100% done=0
[R1] t=194 pos=(9, 2) state=IDLE batt=100% done=0
[R3] t=194 pos=(9, 8) state=IDLE batt=100% done=0
[R2] t=195 pos=(9, 5) state=IDLE batt=100% done=0
[R4] t=195 pos=(9, 11) state=IDLE batt=100% done=0
[R1] t=195 pos=(9, 2) state=IDLE batt=100% done=0
[R3] t=195 pos=(9, 8) state=IDLE batt=100% done=0
[R2] t=196 pos=(9, 5) state=IDLE batt=100% done=0
[R4] t=196 pos=(9, 11) state=IDLE batt=100% done=0
[R1] t=196 pos=(9, 2) state=IDLE batt=100% done=0
[R3] t=196 pos=(9, 8) state=IDLE batt=100% done=0
[R2] t=197 pos=(9, 5) state=IDLE batt=100% done=0
[R4] t=197 pos=(9, 11) state=IDLE batt=100% done=0
[R1] t=197 pos=(9, 2) state=IDLE batt=100% done=0
[R3] t=197 pos=(9, 8) state=IDLE batt=100% done=0
[R2] t=198 pos=(9, 5) state=IDLE batt=100% done=0
[R4] t=198 pos=(9, 11) state=IDLE batt=100% done=0
[R1] t=198 pos=(9, 2) state=IDLE batt=100% done=0
[R3] t=198 pos=(9, 8) state=IDLE batt=100% done=0
[R2] t=199 pos=(9, 5) state=IDLE batt=100% done=0
[R4] t=199 pos=(9, 11) state=IDLE batt=100% done=0
[R1] t=199 pos=(9, 2) state=IDLE batt=100% done=0
[R3] t=199 pos=(9, 8) state=IDLE batt=100% done=0
[R2] t=200 pos=(9, 5) state=IDLE batt=100% done=0
[R4] t=200 pos=(9, 11) state=IDLE batt=100% done=0
[R1] t=200 pos=(9, 2) state=IDLE batt=100% done=0
[R3] t=200 pos=(9, 8) state=IDLE batt=100% done=0
[R2] t=201 pos=(9, 5) state=IDLE batt=100% done=0
[R4] t=201 pos=(9, 11) state=IDLE batt=100% done=0
[R1] t=201 pos=(9, 2) state=IDLE batt=100% done=0
[R3] t=201 pos=(9, 8) state=IDLE batt=100% done=0
[R2] t=202 pos=(9, 5) state=IDLE batt=100% done=0
[R4] t=202 pos=(9, 11) state=IDLE batt=100% done=0
[R1] t=202 pos=(9, 2) state=IDLE batt=100% done=0
[R3] t=202 pos=(9, 8) state=IDLE batt=100% done=0
[R2] t=203 pos=(9, 5) state=IDLE batt=100% done=0
[R4] t=203 pos=(9, 11) state=IDLE batt=100% done=0
[R1] t=203 pos=(9, 2) state=IDLE batt=100% done=0
[R3] t=203 pos=(9, 8) state=IDLE batt=100% done=0
[R2] t=204 pos=(9, 5) state=IDLE batt=100% done=0
[R4] t=204 pos=(9, 11) state=IDLE batt=100% done=0
[R1] t=204 pos=(9, 2) state=IDLE batt=100% done=0
[R3] t=204 pos=(9, 8) state=IDLE batt=100% done=0
[R2] t=205 pos=(9, 5) state=IDLE batt=100% done=0
[R4] t=205 pos=(9, 11) state=IDLE batt=100% done=0
[R1] t=205 pos=(9, 2) state=IDLE batt=100% done=0
[R3] t=205 pos=(9, 8) state=IDLE batt=100% done=0
[R2] t=206 pos=(9, 5) state=IDLE batt=100% done=0
[R4] t=206 pos=(9, 11) state=IDLE batt=100% done=0
[R1] t=206 pos=(9, 2) state=IDLE batt=100% done=0
[R3] t=206 pos=(9, 8) state=IDLE batt=100% done=0
[R2] t=207 pos=(9, 5) state=IDLE batt=100% done=0
[R4] t=207 pos=(9, 11) state=IDLE batt=100% done=0
[R1] t=207 pos=(9, 2) state=IDLE batt=100% done=0
[R3] t=207 pos=(9, 8) state=IDLE batt=100% done=0
[R2] t=208 pos=(9, 5) state=IDLE batt=100% done=0
[R4] t=208 pos=(9, 11) state=IDLE batt=100% done=0
[R1] t=208 pos=(9, 2) state=IDLE batt=100% done=0
[R3] t=208 pos=(9, 8) state=IDLE batt=100% done=0
[R2] t=209 pos=(9, 5) state=IDLE batt=100% done=0
[R4] t=209 pos=(9, 11) state=IDLE batt=100% done=0
[R1] t=209 pos=(9, 2) state=IDLE batt=100% done=0
[R3] t=209 pos=(9, 8) state=IDLE batt=100% done=0
[R2] t=210 pos=(9, 5) state=IDLE batt=100% done=0
[R4] t=210 pos=(9, 11) state=IDLE batt=100% done=0
[R1] t=210 pos=(9, 2) state=IDLE batt=100% done=0
[R3] t=210 pos=(9, 8) state=IDLE batt=100% done=0
[R2] t=211 pos=(9, 5) state=IDLE batt=100% done=0
[R4] t=211 pos=(9, 11) state=IDLE batt=100% done=0
[R1] t=211 pos=(9, 2) state=IDLE batt=100% done=0
[R3] t=211 pos=(9, 8) state=IDLE batt=100% done=0
[R2] t=212 pos=(9, 5) state=IDLE batt=100% done=0
[R4] t=212 pos=(9, 11) state=IDLE batt=100% done=0
[R1] t=212 pos=(9, 2) state=IDLE batt=100% done=0
[R3] t=212 pos=(9, 8) state=IDLE batt=100% done=0
[R2] t=213 pos=(9, 5) state=IDLE batt=100% done=0
[R4] t=213 pos=(9, 11) state=IDLE batt=100% done=0
[R1] t=213 pos=(9, 2) state=IDLE batt=100% done=0
[R3] t=213 pos=(9, 8) state=IDLE batt=100% done=0
[R4] t=214 pos=(9, 11) state=IDLE batt=100% done=0
[R2] t=214 pos=(9, 5) state=IDLE batt=100% done=0
[R1] t=214 pos=(9, 2) state=IDLE batt=100% done=0
[R3] t=214 pos=(9, 8) state=IDLE batt=100% done=0
INFO:     127.0.0.1:58083 - "POST /api/spawn-batch HTTP/1.1" 200 OK
[R4] t=215 pos=(9, 11) state=IDLE batt=100% done=0
[R2] t=215 pos=(9, 5) state=IDLE batt=100% done=0
[R1] t=215 pos=(9, 2) state=IDLE batt=100% done=0
[R3] t=215 pos=(9, 8) state=IDLE batt=100% done=0
[R4] t=216 pos=(9, 11) state=IDLE batt=100% done=0
[R2] t=216 pos=(9, 5) state=IDLE batt=100% done=0
[R1] t=216 pos=(9, 2) state=IDLE batt=100% done=0
[R3] t=216 pos=(9, 8) state=IDLE batt=100% done=0
[R4] t=217 pos=(9, 11) state=IDLE batt=100% done=0
[R2] t=217 pos=(9, 5) state=IDLE batt=100% done=0
[R1] t=217 pos=(9, 2) state=IDLE batt=100% done=0
[R3] t=217 pos=(9, 8) state=IDLE batt=100% done=0
[R4] t=218 pos=(9, 11) state=IDLE batt=100% done=0
[R2] t=218 pos=(9, 5) state=EN_ROUTE_TO_PICKUP batt=100% done=0
[R1] t=218 pos=(9, 2) state=EN_ROUTE_TO_PICKUP batt=100% done=0
[R3] t=218 pos=(9, 8) state=EN_ROUTE_TO_PICKUP batt=100% done=0
[R4] t=219 pos=(9, 11) state=IDLE batt=100% done=0
[R2] t=219 pos=(8, 5) state=EN_ROUTE_TO_PICKUP batt=100% done=0
[R1] t=219 pos=(8, 2) state=EN_ROUTE_TO_PICKUP batt=100% done=0
[DEBUG R3] t=219 Opportunistic replan failed or not better. Old len: 2, New len: 2
[R3] t=219 pos=(8, 8) state=EN_ROUTE_TO_PICKUP batt=100% done=0
[R4] t=220 pos=(9, 11) state=IDLE batt=100% done=0
[R2] t=220 pos=(8, 5) state=EN_ROUTE_TO_DROPOFF batt=100% done=0
[R1] t=220 pos=(8, 2) state=EN_ROUTE_TO_DROPOFF batt=100% done=0
[R3] t=220 pos=(8, 8) state=EN_ROUTE_TO_DROPOFF batt=100% done=0
[R4] t=221 pos=(9, 11) state=IDLE batt=100% done=0
[R2] t=221 pos=(8, 6) state=EN_ROUTE_TO_DROPOFF batt=99% done=0
[R1] t=221 pos=(8, 1) state=EN_ROUTE_TO_DROPOFF batt=99% done=0
[R3] t=221 pos=(8, 9) state=EN_ROUTE_TO_DROPOFF batt=99% done=0
[R4] t=222 pos=(9, 11) state=IDLE batt=100% done=0
[R2] t=222 pos=(8, 7) state=EN_ROUTE_TO_DROPOFF batt=99% done=0
[R1] t=222 pos=(7, 1) state=EN_ROUTE_TO_DROPOFF batt=99% done=0
[DEBUG R3] t=222 Opportunistic replan failed or not better. Old len: 8, New len: 8
[R3] t=222 pos=(8, 10) state=EN_ROUTE_TO_DROPOFF batt=99% done=0
[R4] t=223 pos=(9, 11) state=IDLE batt=100% done=0
[R2] t=223 pos=(7, 7) state=EN_ROUTE_TO_DROPOFF batt=99% done=0
[R1] t=223 pos=(6, 1) state=EN_ROUTE_TO_DROPOFF batt=99% done=0
[R3] t=223 pos=(7, 10) state=EN_ROUTE_TO_DROPOFF batt=99% done=0
[R4] t=224 pos=(9, 11) state=IDLE batt=100% done=0
[R2] t=224 pos=(6, 7) state=EN_ROUTE_TO_DROPOFF batt=98% done=0
[R1] t=224 pos=(5, 1) state=EN_ROUTE_TO_DROPOFF batt=98% done=0
[R3] t=224 pos=(6, 10) state=EN_ROUTE_TO_DROPOFF batt=98% done=0
[R4] t=225 pos=(9, 11) state=IDLE batt=100% done=0
[R2] t=225 pos=(5, 7) state=EN_ROUTE_TO_DROPOFF batt=98% done=0
[R1] t=225 pos=(4, 1) state=EN_ROUTE_TO_DROPOFF batt=98% done=0
[DEBUG R3] t=225 Opportunistic replan failed or not better. Old len: 5, New len: 5
[R3] t=225 pos=(5, 10) state=EN_ROUTE_TO_DROPOFF batt=98% done=0
[R4] t=226 pos=(9, 11) state=IDLE batt=100% done=0
[R2] t=226 pos=(4, 7) state=EN_ROUTE_TO_DROPOFF batt=98% done=0
[R1] t=226 pos=(4, 2) state=EN_ROUTE_TO_DROPOFF batt=98% done=0
[R3] t=226 pos=(4, 10) state=EN_ROUTE_TO_DROPOFF batt=98% done=0
[R4] t=227 pos=(9, 11) state=IDLE batt=100% done=0
[R2] t=227 pos=(4, 7) state=IDLE batt=98% done=1
[R1] t=227 pos=(4, 2) state=IDLE batt=98% done=1
[R3] t=227 pos=(4, 11) state=EN_ROUTE_TO_DROPOFF batt=97% done=0
[R4] t=228 pos=(9, 11) state=IDLE batt=100% done=0
[R2] t=228 pos=(4, 7) state=IDLE batt=98% done=1
[R1] t=228 pos=(4, 2) state=IDLE batt=98% done=1
[DEBUG R3] t=228 Opportunistic replan failed or not better. Old len: 2, New len: 2
[R3] t=228 pos=(4, 12) state=EN_ROUTE_TO_DROPOFF batt=97% done=0
[R4] t=229 pos=(9, 11) state=IDLE batt=100% done=0
[R2] t=229 pos=(4, 7) state=IDLE batt=98% done=1
[R1] t=229 pos=(4, 2) state=IDLE batt=98% done=1
[R3] t=229 pos=(4, 12) state=IDLE batt=97% done=1
[R2] t=230 pos=(4, 7) state=IDLE batt=98% done=1
[R4] t=230 pos=(9, 11) state=IDLE batt=100% done=0
[R1] t=230 pos=(4, 2) state=IDLE batt=98% done=1
[R3] t=230 pos=(4, 12) state=IDLE batt=97% done=1
[R4] t=231 pos=(9, 11) state=IDLE batt=100% done=0
[R2] t=231 pos=(4, 7) state=IDLE batt=98% done=1
[R1] t=231 pos=(4, 2) state=IDLE batt=98% done=1
[R3] t=231 pos=(4, 12) state=IDLE batt=97% done=1
INFO:     127.0.0.1:58085 - "POST /api/spawn-batch HTTP/1.1" 200 OK
[R2] t=232 pos=(4, 7) state=IDLE batt=98% done=1
[R4] t=232 pos=(9, 11) state=IDLE batt=100% done=0
[R1] t=232 pos=(4, 2) state=IDLE batt=98% done=1
[R3] t=232 pos=(4, 12) state=IDLE batt=97% done=1
[R2] t=233 pos=(4, 7) state=IDLE batt=98% done=1
[R4] t=233 pos=(9, 11) state=IDLE batt=100% done=0
[R1] t=233 pos=(4, 2) state=IDLE batt=98% done=1
[R3] t=233 pos=(4, 12) state=IDLE batt=97% done=1
[R2] t=234 pos=(4, 7) state=IDLE batt=98% done=1
[R4] t=234 pos=(9, 11) state=IDLE batt=100% done=0
[R1] t=234 pos=(4, 2) state=IDLE batt=98% done=1
[R3] t=234 pos=(4, 12) state=IDLE batt=97% done=1
[R4] t=235 pos=(9, 11) state=IDLE batt=100% done=0
[R2] t=235 pos=(4, 7) state=IDLE batt=98% done=1
[R1] t=235 pos=(4, 2) state=EN_ROUTE_TO_PICKUP batt=98% done=1
[R3] t=235 pos=(4, 12) state=EN_ROUTE_TO_PICKUP batt=97% done=1
[R2] t=236 pos=(4, 7) state=IDLE batt=98% done=1
[R4] t=236 pos=(9, 11) state=IDLE batt=100% done=0
[R1] t=236 pos=(4, 1) state=EN_ROUTE_TO_PICKUP batt=97% done=1
[R3] t=236 pos=(4, 13) state=EN_ROUTE_TO_PICKUP batt=97% done=1
[R2] t=237 pos=(4, 7) state=IDLE batt=98% done=1
[R4] t=237 pos=(9, 11) state=IDLE batt=100% done=0
[R1] t=237 pos=(4, 1) state=EN_ROUTE_TO_DROPOFF batt=97% done=1
[R3] t=237 pos=(4, 13) state=EN_ROUTE_TO_DROPOFF batt=97% done=1
[R4] t=238 pos=(9, 11) state=IDLE batt=100% done=0
[R2] t=238 pos=(4, 7) state=IDLE batt=98% done=1
[R1] t=238 pos=(4, 2) state=EN_ROUTE_TO_DROPOFF batt=97% done=1
[R3] t=238 pos=(4, 12) state=EN_ROUTE_TO_DROPOFF batt=96% done=1
[R2] t=239 pos=(4, 7) state=IDLE batt=98% done=1
[R4] t=239 pos=(9, 11) state=IDLE batt=100% done=0
[R1] t=239 pos=(4, 3) state=EN_ROUTE_TO_DROPOFF batt=97% done=1
[R3] t=239 pos=(4, 11) state=EN_ROUTE_TO_DROPOFF batt=96% done=1
[R2] t=240 pos=(4, 7) state=IDLE batt=98% done=1
[R4] t=240 pos=(9, 11) state=IDLE batt=100% done=0
[R1] t=240 pos=(4, 4) state=EN_ROUTE_TO_DROPOFF batt=96% done=1
[DEBUG R3] t=240 Opportunistic replan failed or not better. Old len: 10, New len: 10
[R3] t=240 pos=(4, 10) state=EN_ROUTE_TO_DROPOFF batt=95% done=1
[R2] t=241 pos=(4, 7) state=IDLE batt=98% done=1
[R4] t=241 pos=(9, 11) state=IDLE batt=100% done=0
[R1] t=241 pos=(4, 5) state=EN_ROUTE_TO_DROPOFF batt=96% done=1
[R3] t=241 pos=(4, 9) state=EN_ROUTE_TO_DROPOFF batt=95% done=1
[R2] t=242 pos=(4, 7) state=IDLE batt=98% done=1
[R4] t=242 pos=(9, 11) state=IDLE batt=100% done=0
[R1] t=242 pos=(4, 6) state=EN_ROUTE_TO_DROPOFF batt=95% done=1
[R3] t=242 pos=(4, 8) state=EN_ROUTE_TO_DROPOFF batt=95% done=1
[R2] t=243 pos=(4, 7) state=IDLE batt=98% done=1
[R4] t=243 pos=(9, 11) state=IDLE batt=100% done=0
[R1] t=243 pos=(4, 6) state=EN_ROUTE_TO_DROPOFF batt=95% done=1
[DEBUG R3] t=243 Opportunistic replan failed or not better. Old len: 7, New len: 8
[R3] t=243 pos=(4, 8) state=EN_ROUTE_TO_DROPOFF batt=94% done=1
[R2] t=244 pos=(4, 7) state=IDLE batt=98% done=1
[R4] t=244 pos=(9, 11) state=IDLE batt=100% done=0
[R1] t=244 pos=(4, 6) state=EN_ROUTE_TO_DROPOFF batt=95% done=1
[R3] t=244 pos=(4, 8) state=EN_ROUTE_TO_DROPOFF batt=94% done=1
[R4] t=245 pos=(9, 11) state=IDLE batt=100% done=0
[R2] t=245 pos=(4, 7) state=IDLE batt=98% done=1
[R1] t=245 pos=(4, 6) state=EN_ROUTE_TO_DROPOFF batt=94% done=1
[R3] t=245 pos=(4, 8) state=EN_ROUTE_TO_DROPOFF batt=94% done=1
[R4] t=246 pos=(9, 11) state=IDLE batt=100% done=0
[R2] t=246 pos=(4, 7) state=IDLE batt=98% done=1
[R1] t=246 pos=(4, 6) state=EN_ROUTE_TO_DROPOFF batt=94% done=1
[DEBUG R3] t=246 Opportunistic replan failed or not better. Old len: 4, New len: 8
[R3] t=246 pos=(4, 8) state=EN_ROUTE_TO_DROPOFF batt=93% done=1
[R4] t=247 pos=(9, 11) state=IDLE batt=100% done=0
[R2] t=247 pos=(4, 7) state=IDLE batt=98% done=1
[R1] t=247 pos=(4, 6) state=EN_ROUTE_TO_DROPOFF batt=94% done=1
[R3] t=247 pos=(4, 8) state=EN_ROUTE_TO_DROPOFF batt=93% done=1
[R4] t=248 pos=(9, 11) state=IDLE batt=100% done=0
[R2] t=248 pos=(4, 7) state=IDLE batt=98% done=1
[R1] t=248 pos=(4, 6) state=EN_ROUTE_TO_DROPOFF batt=94% done=1
[R3] t=248 pos=(4, 8) state=EN_ROUTE_TO_DROPOFF batt=93% done=1
[R2] t=249 pos=(5, 7) state=IDLE batt=98% done=1
[R4] t=249 pos=(9, 11) state=IDLE batt=100% done=0
[R1] t=249 pos=(4, 7) state=EN_ROUTE_TO_DROPOFF batt=94% done=1
[R3] t=249 pos=(4, 8) state=EN_ROUTE_TO_DROPOFF batt=93% done=1
[R2] t=250 pos=(5, 7) state=IDLE batt=98% done=1
[R4] t=250 pos=(9, 11) state=IDLE batt=100% done=0
[R1] t=250 pos=(4, 7) state=EN_ROUTE_TO_DROPOFF batt=94% done=1
[R3] t=250 pos=(4, 8) state=EN_ROUTE_TO_DROPOFF batt=93% done=1
[R2] t=251 pos=(5, 7) state=IDLE batt=98% done=1
[R4] t=251 pos=(9, 11) state=IDLE batt=100% done=0
[R1] t=251 pos=(4, 7) state=EN_ROUTE_TO_DROPOFF batt=94% done=1
[R3] t=251 pos=(4, 8) state=EN_ROUTE_TO_DROPOFF batt=93% done=1
[R2] t=252 pos=(5, 7) state=IDLE batt=98% done=1
[R4] t=252 pos=(9, 11) state=IDLE batt=100% done=0
[R1] t=252 pos=(4, 7) state=EN_ROUTE_TO_DROPOFF batt=94% done=1
[R3] t=252 pos=(4, 8) state=EN_ROUTE_TO_DROPOFF batt=93% done=1
[R2] t=253 pos=(5, 7) state=IDLE batt=98% done=1
[R4] t=253 pos=(9, 11) state=IDLE batt=100% done=0
[R1] t=253 pos=(4, 7) state=EN_ROUTE_TO_DROPOFF batt=94% done=1
[R3] t=253 pos=(4, 8) state=EN_ROUTE_TO_DROPOFF batt=93% done=1
[R2] t=254 pos=(5, 7) state=IDLE batt=98% done=1
[R4] t=254 pos=(9, 11) state=IDLE batt=100% done=0
[R1] t=254 pos=(4, 7) state=EN_ROUTE_TO_DROPOFF batt=94% done=1
[R3] t=254 pos=(4, 8) state=EN_ROUTE_TO_DROPOFF batt=93% done=1
[R2] t=255 pos=(5, 7) state=IDLE batt=98% done=1
[R4] t=255 pos=(9, 11) state=IDLE batt=100% done=0
[R1] t=255 pos=(4, 7) state=EN_ROUTE_TO_DROPOFF batt=94% done=1
[R3] t=255 pos=(4, 8) state=EN_ROUTE_TO_DROPOFF batt=93% done=1
[R2] t=256 pos=(5, 7) state=IDLE batt=98% done=1
[R4] t=256 pos=(9, 11) state=IDLE batt=100% done=0
[R1] t=256 pos=(4, 7) state=EN_ROUTE_TO_DROPOFF batt=94% done=1
[R3] t=256 pos=(4, 8) state=EN_ROUTE_TO_DROPOFF batt=93% done=1
[R2] t=257 pos=(5, 7) state=IDLE batt=98% done=1
[R4] t=257 pos=(9, 11) state=IDLE batt=100% done=0
[R1] t=257 pos=(4, 7) state=EN_ROUTE_TO_DROPOFF batt=94% done=1
[R3] t=257 pos=(4, 8) state=EN_ROUTE_TO_DROPOFF batt=93% done=1
[R2] t=258 pos=(5, 7) state=IDLE batt=98% done=1
[R4] t=258 pos=(9, 11) state=IDLE batt=100% done=0
[R1] t=258 pos=(4, 7) state=EN_ROUTE_TO_DROPOFF batt=94% done=1
[R3] t=258 pos=(4, 8) state=EN_ROUTE_TO_DROPOFF batt=93% done=1
[R4] t=259 pos=(9, 11) state=IDLE batt=100% done=0
[R2] t=259 pos=(5, 7) state=IDLE batt=98% done=1
[R1] t=259 pos=(4, 7) state=EN_ROUTE_TO_DROPOFF batt=94% done=1
[R3] t=259 pos=(4, 8) state=EN_ROUTE_TO_DROPOFF batt=93% done=1
[R2] t=260 pos=(5, 7) state=IDLE batt=98% done=1
[R4] t=260 pos=(9, 11) state=IDLE batt=100% done=0
[R1] t=260 pos=(4, 7) state=EN_ROUTE_TO_DROPOFF batt=94% done=1
[R3] t=260 pos=(4, 8) state=EN_ROUTE_TO_DROPOFF batt=93% done=1
[R2] t=261 pos=(5, 7) state=IDLE batt=98% done=1
[R4] t=261 pos=(9, 11) state=IDLE batt=100% done=0
[R1] t=261 pos=(4, 7) state=EN_ROUTE_TO_DROPOFF batt=94% done=1
[R3] t=261 pos=(4, 8) state=EN_ROUTE_TO_DROPOFF batt=93% done=1
[R2] t=262 pos=(5, 7) state=IDLE batt=98% done=1
[R4] t=262 pos=(9, 11) state=IDLE batt=100% done=0
[R1] t=262 pos=(4, 7) state=EN_ROUTE_TO_DROPOFF batt=94% done=1
[R3] t=262 pos=(4, 8) state=EN_ROUTE_TO_DROPOFF batt=93% done=1
[R4] t=263 pos=(9, 11) state=IDLE batt=100% done=0
[R2] t=263 pos=(5, 7) state=IDLE batt=98% done=1
[R1] t=263 pos=(4, 7) state=EN_ROUTE_TO_DROPOFF batt=94% done=1
[R3] t=263 pos=(4, 8) state=EN_ROUTE_TO_DROPOFF batt=93% done=1
[R4] t=264 pos=(9, 11) state=IDLE batt=100% done=0
[R2] t=264 pos=(5, 7) state=IDLE batt=98% done=1
[R1] t=264 pos=(4, 7) state=EN_ROUTE_TO_DROPOFF batt=94% done=1
[R3] t=264 pos=(4, 8) state=EN_ROUTE_TO_DROPOFF batt=93% done=1
[R4] t=265 pos=(9, 11) state=IDLE batt=100% done=0
[R2] t=265 pos=(5, 7) state=IDLE batt=98% done=1
[R1] t=265 pos=(4, 7) state=EN_ROUTE_TO_DROPOFF batt=94% done=1
[R3] t=265 pos=(4, 8) state=EN_ROUTE_TO_DROPOFF batt=93% done=1
[R2] t=266 pos=(5, 7) state=IDLE batt=98% done=1
[R4] t=266 pos=(9, 11) state=IDLE batt=100% done=0
[R1] t=266 pos=(4, 7) state=EN_ROUTE_TO_DROPOFF batt=94% done=1
[R3] t=266 pos=(4, 8) state=EN_ROUTE_TO_DROPOFF batt=93% done=1
[R2] t=267 pos=(5, 7) state=IDLE batt=98% done=1
[R4] t=267 pos=(9, 11) state=IDLE batt=100% done=0
[R1] t=267 pos=(4, 7) state=EN_ROUTE_TO_DROPOFF batt=94% done=1
[R3] t=267 pos=(4, 8) state=EN_ROUTE_TO_DROPOFF batt=93% done=1
[R4] t=268 pos=(9, 11) state=IDLE batt=100% done=0
[R2] t=268 pos=(5, 7) state=IDLE batt=98% done=1
[R1] t=268 pos=(4, 7) state=EN_ROUTE_TO_DROPOFF batt=94% done=1
[R3] t=268 pos=(4, 8) state=EN_ROUTE_TO_DROPOFF batt=93% done=1
[R4] t=269 pos=(9, 11) state=IDLE batt=100% done=0
[R2] t=269 pos=(5, 7) state=IDLE batt=98% done=1
[R1] t=269 pos=(4, 7) state=EN_ROUTE_TO_DROPOFF batt=94% done=1
[R3] t=269 pos=(4, 8) state=EN_ROUTE_TO_DROPOFF batt=93% done=1
[R4] t=270 pos=(9, 11) state=IDLE batt=100% done=0
[R2] t=270 pos=(5, 7) state=IDLE batt=98% done=1
[R1] t=270 pos=(4, 7) state=EN_ROUTE_TO_DROPOFF batt=94% done=1
[R3] t=270 pos=(4, 8) state=EN_ROUTE_TO_DROPOFF batt=93% done=1
[R4] t=271 pos=(9, 11) state=IDLE batt=100% done=0
[R2] t=271 pos=(5, 7) state=IDLE batt=98% done=1
[R1] t=271 pos=(4, 7) state=EN_ROUTE_TO_DROPOFF batt=94% done=1
[R3] t=271 pos=(4, 9) state=EN_ROUTE_TO_DROPOFF batt=93% done=1
[R2] t=272 pos=(5, 7) state=IDLE batt=98% done=1
[R4] t=272 pos=(9, 11) state=IDLE batt=100% done=0
[R1] t=272 pos=(4, 8) state=EN_ROUTE_TO_DROPOFF batt=93% done=1
[R3] t=272 pos=(4, 10) state=EN_ROUTE_TO_DROPOFF batt=93% done=1
[R4] t=273 pos=(9, 11) state=IDLE batt=100% done=0
[R2] t=273 pos=(5, 7) state=IDLE batt=98% done=1
[R1] t=273 pos=(4, 9) state=EN_ROUTE_TO_DROPOFF batt=93% done=1
[DEBUG R3] t=273 ADOPTED NEW PATH! Old len: 17, New len: 5
[R3] t=273 pos=(4, 10) state=EN_ROUTE_TO_DROPOFF batt=93% done=1
[R4] t=274 pos=(9, 11) state=IDLE batt=100% done=0
[R2] t=274 pos=(5, 7) state=IDLE batt=98% done=1
[R1] t=274 pos=(4, 9) state=EN_ROUTE_TO_DROPOFF batt=93% done=1
[R3] t=274 pos=(4, 10) state=EN_ROUTE_TO_DROPOFF batt=93% done=1
[R4] t=275 pos=(9, 11) state=IDLE batt=100% done=0
[R2] t=275 pos=(5, 7) state=IDLE batt=98% done=1
[R1] t=275 pos=(4, 9) state=EN_ROUTE_TO_DROPOFF batt=93% done=1
[R3] t=275 pos=(4, 10) state=EN_ROUTE_TO_DROPOFF batt=93% done=1
[R4] t=276 pos=(9, 11) state=IDLE batt=100% done=0
[R2] t=276 pos=(5, 7) state=IDLE batt=98% done=1
[R1] t=276 pos=(4, 9) state=EN_ROUTE_TO_DROPOFF batt=93% done=1
[R3] t=276 pos=(4, 10) state=EN_ROUTE_TO_DROPOFF batt=93% done=1
[R4] t=277 pos=(9, 11) state=IDLE batt=100% done=0
[R2] t=277 pos=(5, 7) state=IDLE batt=98% done=1
[R1] t=277 pos=(4, 9) state=EN_ROUTE_TO_DROPOFF batt=93% done=1
[R3] t=277 pos=(4, 10) state=EN_ROUTE_TO_DROPOFF batt=93% done=1
[R2] t=278 pos=(5, 7) state=IDLE batt=98% done=1
[R4] t=278 pos=(9, 11) state=IDLE batt=100% done=0
[R1] t=278 pos=(4, 9) state=EN_ROUTE_TO_DROPOFF batt=93% done=1
[R3] t=278 pos=(4, 10) state=EN_ROUTE_TO_DROPOFF batt=93% done=1
[R4] t=279 pos=(9, 11) state=IDLE batt=100% done=0
[R2] t=279 pos=(5, 7) state=IDLE batt=98% done=1
[R1] t=279 pos=(4, 9) state=EN_ROUTE_TO_DROPOFF batt=93% done=1
[R3] t=279 pos=(4, 10) state=EN_ROUTE_TO_DROPOFF batt=93% done=1
[R4] t=280 pos=(9, 11) state=IDLE batt=100% done=0
[R2] t=280 pos=(5, 7) state=IDLE batt=98% done=1
[R1] t=280 pos=(4, 9) state=EN_ROUTE_TO_DROPOFF batt=93% done=1
[R3] t=280 pos=(4, 10) state=EN_ROUTE_TO_DROPOFF batt=93% done=1
[R4] t=281 pos=(9, 11) state=IDLE batt=100% done=0
[R2] t=281 pos=(5, 7) state=IDLE batt=98% done=1
[R1] t=281 pos=(4, 9) state=EN_ROUTE_TO_DROPOFF batt=93% done=1
[R3] t=281 pos=(4, 10) state=EN_ROUTE_TO_DROPOFF batt=93% done=1
[R4] t=282 pos=(9, 11) state=IDLE batt=100% done=0
[R2] t=282 pos=(5, 7) state=IDLE batt=98% done=1
[R1] t=282 pos=(4, 9) state=EN_ROUTE_TO_DROPOFF batt=93% done=1
[R3] t=282 pos=(4, 10) state=EN_ROUTE_TO_DROPOFF batt=93% done=1
[R4] t=283 pos=(9, 11) state=IDLE batt=100% done=0
[R2] t=283 pos=(5, 7) state=IDLE batt=98% done=1
[R1] t=283 pos=(4, 9) state=EN_ROUTE_TO_DROPOFF batt=93% done=1
[R3] t=283 pos=(4, 10) state=EN_ROUTE_TO_DROPOFF batt=93% done=1
[R4] t=284 pos=(9, 11) state=IDLE batt=100% done=0
[R2] t=284 pos=(5, 7) state=IDLE batt=98% done=1
[R1] t=284 pos=(4, 9) state=EN_ROUTE_TO_DROPOFF batt=93% done=1
[R3] t=284 pos=(4, 10) state=EN_ROUTE_TO_DROPOFF batt=93% done=1
[R4] t=285 pos=(9, 11) state=IDLE batt=100% done=0
[R2] t=285 pos=(5, 7) state=IDLE batt=98% done=1
[R1] t=285 pos=(4, 9) state=EN_ROUTE_TO_DROPOFF batt=93% done=1
[R3] t=285 pos=(4, 10) state=EN_ROUTE_TO_DROPOFF batt=93% done=1
[R4] t=286 pos=(9, 11) state=IDLE batt=100% done=0
[R2] t=286 pos=(5, 7) state=IDLE batt=98% done=1
[R1] t=286 pos=(4, 9) state=EN_ROUTE_TO_DROPOFF batt=93% done=1
[R3] t=286 pos=(4, 10) state=EN_ROUTE_TO_DROPOFF batt=93% done=1
[R4] t=287 pos=(9, 11) state=IDLE batt=100% done=0
[R2] t=287 pos=(5, 7) state=IDLE batt=98% done=1
[R1] t=287 pos=(4, 9) state=EN_ROUTE_TO_DROPOFF batt=93% done=1
[R3] t=287 pos=(4, 10) state=EN_ROUTE_TO_DROPOFF batt=93% done=1
[R4] t=288 pos=(9, 11) state=IDLE batt=100% done=0
[R2] t=288 pos=(5, 7) state=IDLE batt=98% done=1
[R1] t=288 pos=(4, 9) state=EN_ROUTE_TO_DROPOFF batt=93% done=1
[R3] t=288 pos=(4, 10) state=EN_ROUTE_TO_DROPOFF batt=93% done=1
[R4] t=289 pos=(9, 11) state=IDLE batt=100% done=0
[R2] t=289 pos=(5, 7) state=IDLE batt=98% done=1
[R1] t=289 pos=(4, 9) state=EN_ROUTE_TO_DROPOFF batt=93% done=1
[R3] t=289 pos=(4, 10) state=EN_ROUTE_TO_DROPOFF batt=93% done=1
[R4] t=290 pos=(9, 11) state=IDLE batt=100% done=0
[R2] t=290 pos=(5, 7) state=IDLE batt=98% done=1
[R1] t=290 pos=(4, 9) state=EN_ROUTE_TO_DROPOFF batt=93% done=1
[R3] t=290 pos=(4, 10) state=EN_ROUTE_TO_DROPOFF batt=93% done=1
[R4] t=291 pos=(9, 11) state=IDLE batt=100% done=0
[R2] t=291 pos=(5, 7) state=IDLE batt=98% done=1
[R1] t=291 pos=(4, 9) state=EN_ROUTE_TO_DROPOFF batt=93% done=1
[R3] t=291 pos=(4, 10) state=EN_ROUTE_TO_DROPOFF batt=93% done=1
[R4] t=292 pos=(9, 11) state=IDLE batt=100% done=0
[R2] t=292 pos=(5, 7) state=IDLE batt=98% done=1
[R1] t=292 pos=(4, 9) state=EN_ROUTE_TO_DROPOFF batt=93% done=1
[R3] t=292 pos=(4, 10) state=EN_ROUTE_TO_DROPOFF batt=93% done=1
[R4] t=293 pos=(9, 11) state=IDLE batt=100% done=0
[R2] t=293 pos=(5, 7) state=IDLE batt=98% done=1
[R1] t=293 pos=(4, 9) state=EN_ROUTE_TO_DROPOFF batt=93% done=1
[R3] t=293 pos=(4, 10) state=EN_ROUTE_TO_DROPOFF batt=93% done=1
[R4] t=294 pos=(9, 11) state=IDLE batt=100% done=0
[R2] t=294 pos=(5, 7) state=IDLE batt=98% done=1
[R1] t=294 pos=(4, 9) state=EN_ROUTE_TO_DROPOFF batt=93% done=1
[R3] t=294 pos=(4, 10) state=EN_ROUTE_TO_DROPOFF batt=93% done=1
[R4] t=295 pos=(9, 11) state=IDLE batt=100% done=0
[R2] t=295 pos=(5, 7) state=IDLE batt=98% done=1
[R1] t=295 pos=(4, 9) state=EN_ROUTE_TO_DROPOFF batt=93% done=1
[R3] t=295 pos=(4, 10) state=EN_ROUTE_TO_DROPOFF batt=93% done=1
[R4] t=296 pos=(9, 11) state=IDLE batt=100% done=0
[R2] t=296 pos=(5, 7) state=IDLE batt=98% done=1
[R1] t=296 pos=(4, 9) state=EN_ROUTE_TO_DROPOFF batt=93% done=1
[R3] t=296 pos=(4, 10) state=EN_ROUTE_TO_DROPOFF batt=93% done=1
[R4] t=297 pos=(9, 11) state=IDLE batt=100% done=0
[R2] t=297 pos=(5, 7) state=IDLE batt=98% done=1
[R1] t=297 pos=(4, 9) state=EN_ROUTE_TO_DROPOFF batt=93% done=1
[R3] t=297 pos=(4, 10) state=EN_ROUTE_TO_DROPOFF batt=93% done=1
[R4] t=298 pos=(9, 11) state=IDLE batt=100% done=0
[R2] t=298 pos=(5, 7) state=IDLE batt=98% done=1
[R1] t=298 pos=(4, 9) state=EN_ROUTE_TO_DROPOFF batt=93% done=1
[R3] t=298 pos=(3, 10) state=EN_ROUTE_TO_DROPOFF batt=92% done=1
[R4] t=299 pos=(9, 11) state=IDLE batt=100% done=0
[R2] t=299 pos=(5, 7) state=IDLE batt=98% done=1
[R1] t=299 pos=(4, 10) state=EN_ROUTE_TO_DROPOFF batt=93% done=1
[R3] t=299 pos=(2, 10) state=EN_ROUTE_TO_DROPOFF batt=92% done=1
[R4] t=300 pos=(9, 11) state=IDLE batt=100% done=0
[R2] t=300 pos=(5, 7) state=IDLE batt=98% done=1
[R1] t=300 pos=(4, 11) state=EN_ROUTE_TO_DROPOFF batt=92% done=1
[DEBUG R3] t=300 ADOPTED NEW PATH! Old len: 11, New len: 7
[R3] t=300 pos=(2, 10) state=EN_ROUTE_TO_DROPOFF batt=92% done=1
[R2] t=301 pos=(5, 7) state=IDLE batt=98% done=1
[R4] t=301 pos=(9, 11) state=IDLE batt=100% done=0
[R1] t=301 pos=(4, 11) state=IDLE batt=92% done=2
[R3] t=301 pos=(3, 10) state=EN_ROUTE_TO_DROPOFF batt=92% done=1
[R2] t=302 pos=(5, 7) state=IDLE batt=98% done=1
[R4] t=302 pos=(9, 11) state=IDLE batt=100% done=0
[R1] t=302 pos=(4, 11) state=IDLE batt=92% done=2
[R3] t=302 pos=(4, 10) state=EN_ROUTE_TO_DROPOFF batt=91% done=1
[R4] t=303 pos=(9, 11) state=IDLE batt=100% done=0
[R2] t=303 pos=(5, 7) state=IDLE batt=98% done=1
[R1] t=303 pos=(4, 11) state=IDLE batt=92% done=2
[DEBUG R3] t=303 Opportunistic replan failed or not better. Old len: 5, New len: 5
[R3] t=303 pos=(4, 9) state=EN_ROUTE_TO_DROPOFF batt=91% done=1
[R4] t=304 pos=(9, 11) state=IDLE batt=100% done=0
[R2] t=304 pos=(5, 7) state=IDLE batt=98% done=1
[R1] t=304 pos=(4, 11) state=IDLE batt=92% done=2
[R3] t=304 pos=(4, 8) state=EN_ROUTE_TO_DROPOFF batt=91% done=1
[R4] t=305 pos=(9, 11) state=IDLE batt=100% done=0
[R2] t=305 pos=(5, 7) state=IDLE batt=98% done=1
[R1] t=305 pos=(4, 11) state=IDLE batt=92% done=2
[R3] t=305 pos=(4, 7) state=EN_ROUTE_TO_DROPOFF batt=90% done=1
[R2] t=306 pos=(5, 7) state=IDLE batt=98% done=1
[R4] t=306 pos=(9, 11) state=IDLE batt=100% done=0
[R1] t=306 pos=(4, 11) state=IDLE batt=92% done=2
[DEBUG R3] t=306 Opportunistic replan failed or not better. Old len: 2, New len: 2
[R3] t=306 pos=(4, 6) state=EN_ROUTE_TO_DROPOFF batt=90% done=1
[R2] t=307 pos=(5, 7) state=IDLE batt=98% done=1
[R4] t=307 pos=(9, 11) state=IDLE batt=100% done=0
[R1] t=307 pos=(4, 11) state=IDLE batt=92% done=2
[R3] t=307 pos=(4, 6) state=IDLE batt=90% done=2
[R2] t=308 pos=(5, 7) state=IDLE batt=98% done=1
[R4] t=308 pos=(9, 11) state=IDLE batt=100% done=0
[R1] t=308 pos=(4, 11) state=IDLE batt=92% done=2
[R3] t=308 pos=(4, 6) state=IDLE batt=90% done=2
[R4] t=309 pos=(9, 11) state=IDLE batt=100% done=0
[R2] t=309 pos=(5, 7) state=IDLE batt=98% done=1
[R1] t=309 pos=(4, 11) state=IDLE batt=92% done=2
[R3] t=309 pos=(4, 6) state=IDLE batt=90% done=2
[R4] t=310 pos=(9, 11) state=IDLE batt=100% done=0
[R2] t=310 pos=(5, 7) state=IDLE batt=98% done=1
[R1] t=310 pos=(4, 11) state=IDLE batt=92% done=2
[R3] t=310 pos=(4, 6) state=IDLE batt=90% done=2
[R4] t=311 pos=(9, 11) state=IDLE batt=100% done=0
[R2] t=311 pos=(5, 7) state=IDLE batt=98% done=1
[R1] t=311 pos=(4, 11) state=IDLE batt=92% done=2
[R3] t=311 pos=(4, 6) state=IDLE batt=90% done=2
[R4] t=312 pos=(9, 11) state=IDLE batt=100% done=0
[R2] t=312 pos=(5, 7) state=IDLE batt=98% done=1
[R1] t=312 pos=(4, 11) state=IDLE batt=92% done=2
[R3] t=312 pos=(4, 6) state=IDLE batt=90% done=2
[R4] t=313 pos=(9, 11) state=IDLE batt=100% done=0
[R2] t=313 pos=(5, 7) state=IDLE batt=98% done=1
[R1] t=313 pos=(4, 11) state=IDLE batt=92% done=2
[R3] t=313 pos=(4, 6) state=IDLE batt=90% done=2
[R4] t=314 pos=(9, 11) state=IDLE batt=100% done=0
[R2] t=314 pos=(5, 7) state=IDLE batt=98% done=1
[R1] t=314 pos=(4, 11) state=IDLE batt=92% done=2
[R3] t=314 pos=(4, 6) state=IDLE batt=90% done=2
[R4] t=315 pos=(9, 11) state=IDLE batt=100% done=0
[R2] t=315 pos=(5, 7) state=IDLE batt=98% done=1
[R1] t=315 pos=(4, 11) state=IDLE batt=92% done=2
[R3] t=315 pos=(4, 6) state=IDLE batt=90% done=2
[R4] t=316 pos=(9, 11) state=IDLE batt=100% done=0
[R2] t=316 pos=(5, 7) state=IDLE batt=98% done=1
[R1] t=316 pos=(4, 11) state=IDLE batt=92% done=2
[R3] t=316 pos=(4, 6) state=IDLE batt=90% done=2
[R4] t=317 pos=(9, 11) state=IDLE batt=100% done=0
[R2] t=317 pos=(5, 7) state=IDLE batt=98% done=1
[R1] t=317 pos=(4, 11) state=IDLE batt=92% done=2
[R3] t=317 pos=(4, 6) state=IDLE batt=90% done=2
[R4] t=318 pos=(9, 11) state=IDLE batt=100% done=0
[R2] t=318 pos=(5, 7) state=IDLE batt=98% done=1
[R1] t=318 pos=(4, 11) state=IDLE batt=92% done=2
[R3] t=318 pos=(4, 6) state=IDLE batt=90% done=2
[R4] t=319 pos=(9, 11) state=IDLE batt=100% done=0
[R2] t=319 pos=(5, 7) state=IDLE batt=98% done=1
[R1] t=319 pos=(4, 11) state=IDLE batt=92% done=2
[R3] t=319 pos=(4, 6) state=IDLE batt=90% done=2
[R4] t=320 pos=(9, 11) state=IDLE batt=100% done=0
[R2] t=320 pos=(5, 7) state=IDLE batt=98% done=1
[R1] t=320 pos=(4, 11) state=IDLE batt=92% done=2
[R3] t=320 pos=(4, 6) state=IDLE batt=90% done=2
[R4] t=321 pos=(9, 11) state=IDLE batt=100% done=0
[R2] t=321 pos=(5, 7) state=IDLE batt=98% done=1
[R1] t=321 pos=(4, 11) state=IDLE batt=92% done=2
[R3] t=321 pos=(4, 6) state=IDLE batt=90% done=2
[R4] t=322 pos=(9, 11) state=IDLE batt=100% done=0
[R2] t=322 pos=(5, 7) state=IDLE batt=98% done=1
[R1] t=322 pos=(4, 11) state=IDLE batt=92% done=2
[R3] t=322 pos=(4, 6) state=IDLE batt=90% done=2
[R4] t=323 pos=(9, 11) state=IDLE batt=100% done=0
[R2] t=323 pos=(5, 7) state=IDLE batt=98% done=1
[R1] t=323 pos=(4, 11) state=IDLE batt=92% done=2
[R3] t=323 pos=(4, 6) state=IDLE batt=90% done=2
[R4] t=324 pos=(9, 11) state=IDLE batt=100% done=0
[R2] t=324 pos=(5, 7) state=IDLE batt=98% done=1
[R1] t=324 pos=(4, 11) state=IDLE batt=92% done=2
[R3] t=324 pos=(4, 6) state=IDLE batt=90% done=2
[R4] t=325 pos=(9, 11) state=IDLE batt=100% done=0
[R2] t=325 pos=(5, 7) state=IDLE batt=98% done=1
[R1] t=325 pos=(4, 11) state=IDLE batt=92% done=2
[R3] t=325 pos=(4, 6) state=IDLE batt=90% done=2
[R4] t=326 pos=(9, 11) state=IDLE batt=100% done=0
[R2] t=326 pos=(5, 7) state=IDLE batt=98% done=1
[R1] t=326 pos=(4, 11) state=IDLE batt=92% done=2
[R3] t=326 pos=(4, 6) state=IDLE batt=90% done=2
[R4] t=327 pos=(9, 11) state=IDLE batt=100% done=0
[R2] t=327 pos=(5, 7) state=IDLE batt=98% done=1
[R1] t=327 pos=(4, 11) state=IDLE batt=92% done=2
[R3] t=327 pos=(4, 6) state=IDLE batt=90% done=2
[R4] t=328 pos=(9, 11) state=IDLE batt=100% done=0
[R2] t=328 pos=(5, 7) state=IDLE batt=98% done=1
[R1] t=328 pos=(4, 11) state=IDLE batt=92% done=2
[R3] t=328 pos=(4, 6) state=IDLE batt=90% done=2
INFO:     127.0.0.1:58089 - "POST /api/reset HTTP/1.1" 200 OK
[R4] t=329 pos=(9, 11) state=IDLE batt=100% done=0
[R2] t=329 pos=(9, 5) state=IDLE batt=100% done=0
[R1] t=329 pos=(9, 2) state=IDLE batt=100% done=0
[R3] t=329 pos=(9, 8) state=IDLE batt=100% done=0
[R4] t=330 pos=(9, 11) state=IDLE batt=100% done=0
[R2] t=330 pos=(9, 5) state=IDLE batt=100% done=0
[R1] t=330 pos=(9, 2) state=IDLE batt=100% done=0
[R3] t=330 pos=(9, 8) state=IDLE batt=100% done=0
[R4] t=331 pos=(9, 11) state=IDLE batt=100% done=0
[R2] t=331 pos=(9, 5) state=IDLE batt=100% done=0
[R1] t=331 pos=(9, 2) state=IDLE batt=100% done=0
[R3] t=331 pos=(9, 8) state=IDLE batt=100% done=0
[R4] t=332 pos=(9, 11) state=IDLE batt=100% done=0
[R2] t=332 pos=(9, 5) state=IDLE batt=100% done=0
[R1] t=332 pos=(9, 2) state=IDLE batt=100% done=0
[R3] t=332 pos=(9, 8) state=IDLE batt=100% done=0
[R4] t=333 pos=(9, 11) state=IDLE batt=100% done=0
[R2] t=333 pos=(9, 5) state=IDLE batt=100% done=0
[R1] t=333 pos=(9, 2) state=IDLE batt=100% done=0
[R3] t=333 pos=(9, 8) state=IDLE batt=100% done=0
[R2] t=334 pos=(9, 5) state=IDLE batt=100% done=0
[R1] t=334 pos=(9, 2) state=IDLE batt=100% done=0
[R4] t=334 pos=(9, 11) state=IDLE batt=100% done=0
[R3] t=334 pos=(9, 8) state=IDLE batt=100% done=0
[R1] t=335 pos=(9, 2) state=IDLE batt=100% done=0
[R2] t=335 pos=(9, 5) state=IDLE batt=100% done=0
[R4] t=335 pos=(9, 11) state=IDLE batt=100% done=0
[R3] t=335 pos=(9, 8) state=IDLE batt=100% done=0
[R1] t=336 pos=(9, 2) state=IDLE batt=100% done=0
[R2] t=336 pos=(9, 5) state=IDLE batt=100% done=0
[R4] t=336 pos=(9, 11) state=IDLE batt=100% done=0
[R3] t=336 pos=(9, 8) state=IDLE batt=100% done=0
[R1] t=337 pos=(9, 2) state=IDLE batt=100% done=0
[R4] t=337 pos=(9, 11) state=IDLE batt=100% done=0
[R2] t=337 pos=(9, 5) state=IDLE batt=100% done=0
[R3] t=337 pos=(9, 8) state=IDLE batt=100% done=0
[R1] t=338 pos=(9, 2) state=IDLE batt=100% done=0
[R4] t=338 pos=(9, 11) state=IDLE batt=100% done=0
[R2] t=338 pos=(9, 5) state=IDLE batt=100% done=0
[R3] t=338 pos=(9, 8) state=IDLE batt=100% done=0
[R1] t=339 pos=(9, 2) state=IDLE batt=100% done=0
[R4] t=339 pos=(9, 11) state=IDLE batt=100% done=0
[R2] t=339 pos=(9, 5) state=IDLE batt=100% done=0
[R3] t=339 pos=(9, 8) state=IDLE batt=100% done=0
[R1] t=340 pos=(9, 2) state=IDLE batt=100% done=0
[R4] t=340 pos=(9, 11) state=IDLE batt=100% done=0
[R2] t=340 pos=(9, 5) state=IDLE batt=100% done=0
[R3] t=340 pos=(9, 8) state=IDLE batt=100% done=0
[R4] t=341 pos=(9, 11) state=IDLE batt=100% done=0
[R1] t=341 pos=(9, 2) state=IDLE batt=100% done=0
[R2] t=341 pos=(9, 5) state=IDLE batt=100% done=0
[R3] t=341 pos=(9, 8) state=IDLE batt=100% done=0
[R4] t=342 pos=(9, 11) state=IDLE batt=100% done=0
[R1] t=342 pos=(9, 2) state=IDLE batt=100% done=0
[R2] t=342 pos=(9, 5) state=IDLE batt=100% done=0
[R3] t=342 pos=(9, 8) state=IDLE batt=100% done=0
[R1] t=343 pos=(9, 2) state=IDLE batt=100% done=0
[R4] t=343 pos=(9, 11) state=IDLE batt=100% done=0
[R2] t=343 pos=(9, 5) state=IDLE batt=100% done=0
[R3] t=343 pos=(9, 8) state=IDLE batt=100% done=0
[R4] t=344 pos=(9, 11) state=IDLE batt=100% done=0
[R1] t=344 pos=(9, 2) state=IDLE batt=100% done=0
[R2] t=344 pos=(9, 5) state=IDLE batt=100% done=0
[R3] t=344 pos=(9, 8) state=IDLE batt=100% done=0
[R4] t=345 pos=(9, 11) state=IDLE batt=100% done=0
[R1] t=345 pos=(9, 2) state=IDLE batt=100% done=0
[R2] t=345 pos=(9, 5) state=IDLE batt=100% done=0
[R3] t=345 pos=(9, 8) state=IDLE batt=100% done=0
[R4] t=346 pos=(9, 11) state=IDLE batt=100% done=0
[R1] t=346 pos=(9, 2) state=IDLE batt=100% done=0
[R2] t=346 pos=(9, 5) state=IDLE batt=100% done=0
[R3] t=346 pos=(9, 8) state=IDLE batt=100% done=0
[R4] t=347 pos=(9, 11) state=IDLE batt=100% done=0
[R1] t=347 pos=(9, 2) state=IDLE batt=100% done=0
[R2] t=347 pos=(9, 5) state=IDLE batt=100% done=0
[R3] t=347 pos=(9, 8) state=IDLE batt=100% done=0
[R4] t=348 pos=(9, 11) state=IDLE batt=100% done=0
[R2] t=348 pos=(9, 5) state=IDLE batt=100% done=0
[R1] t=348 pos=(9, 2) state=IDLE batt=100% done=0
[R3] t=348 pos=(9, 8) state=IDLE batt=100% done=0
[R2] t=349 pos=(9, 5) state=IDLE batt=100% done=0
[R1] t=349 pos=(9, 2) state=IDLE batt=100% done=0
[R4] t=349 pos=(9, 11) state=IDLE batt=100% done=0
[R3] t=349 pos=(9, 8) state=IDLE batt=100% done=0
[R2] t=350 pos=(9, 5) state=IDLE batt=100% done=0
[R1] t=350 pos=(9, 2) state=IDLE batt=100% done=0
[R4] t=350 pos=(9, 11) state=IDLE batt=100% done=0
[R3] t=350 pos=(9, 8) state=IDLE batt=100% done=0
[R2] t=351 pos=(9, 5) state=IDLE batt=100% done=0
[R1] t=351 pos=(9, 2) state=IDLE batt=100% done=0
[R4] t=351 pos=(9, 11) state=IDLE batt=100% done=0
[R3] t=351 pos=(9, 8) state=IDLE batt=100% done=0
[R2] t=352 pos=(9, 5) state=IDLE batt=100% done=0
[R1] t=352 pos=(9, 2) state=IDLE batt=100% done=0
[R4] t=352 pos=(9, 11) state=IDLE batt=100% done=0
[R3] t=352 pos=(9, 8) state=IDLE batt=100% done=0
[R2] t=353 pos=(9, 5) state=IDLE batt=100% done=0
[R1] t=353 pos=(9, 2) state=IDLE batt=100% done=0
[R4] t=353 pos=(9, 11) state=IDLE batt=100% done=0
[R3] t=353 pos=(9, 8) state=IDLE batt=100% done=0
[R2] t=354 pos=(9, 5) state=IDLE batt=100% done=0
[R1] t=354 pos=(9, 2) state=IDLE batt=100% done=0
[R4] t=354 pos=(9, 11) state=IDLE batt=100% done=0
[R3] t=354 pos=(9, 8) state=IDLE batt=100% done=0
[R2] t=355 pos=(9, 5) state=IDLE batt=100% done=0
[R4] t=355 pos=(9, 11) state=IDLE batt=100% done=0
[R1] t=355 pos=(9, 2) state=IDLE batt=100% done=0
[R3] t=355 pos=(9, 8) state=IDLE batt=100% done=0
[R2] t=356 pos=(9, 5) state=IDLE batt=100% done=0
[R4] t=356 pos=(9, 11) state=IDLE batt=100% done=0
[R1] t=356 pos=(9, 2) state=IDLE batt=100% done=0
[R3] t=356 pos=(9, 8) state=IDLE batt=100% done=0
[R2] t=357 pos=(9, 5) state=IDLE batt=100% done=0
[R4] t=357 pos=(9, 11) state=IDLE batt=100% done=0
[R1] t=357 pos=(9, 2) state=IDLE batt=100% done=0
[R3] t=357 pos=(9, 8) state=IDLE batt=100% done=0
[R2] t=358 pos=(9, 5) state=IDLE batt=100% done=0
[R4] t=358 pos=(9, 11) state=IDLE batt=100% done=0
[R1] t=358 pos=(9, 2) state=IDLE batt=100% done=0
[R3] t=358 pos=(9, 8) state=IDLE batt=100% done=0
[R2] t=359 pos=(9, 5) state=IDLE batt=100% done=0
[R4] t=359 pos=(9, 11) state=IDLE batt=100% done=0
[R1] t=359 pos=(9, 2) state=IDLE batt=100% done=0
[R3] t=359 pos=(9, 8) state=IDLE batt=100% done=0
[R2] t=360 pos=(9, 5) state=IDLE batt=100% done=0
[R1] t=360 pos=(9, 2) state=IDLE batt=100% done=0
[R4] t=360 pos=(9, 11) state=IDLE batt=100% done=0
[R3] t=360 pos=(9, 8) state=IDLE batt=100% done=0
[R2] t=361 pos=(9, 5) state=IDLE batt=100% done=0
[R1] t=361 pos=(9, 2) state=IDLE batt=100% done=0
[R4] t=361 pos=(9, 11) state=IDLE batt=100% done=0
[R3] t=361 pos=(9, 8) state=IDLE batt=100% done=0
[R2] t=362 pos=(9, 5) state=IDLE batt=100% done=0
[R1] t=362 pos=(9, 2) state=IDLE batt=100% done=0
[R4] t=362 pos=(9, 11) state=IDLE batt=100% done=0
[R3] t=362 pos=(9, 8) state=IDLE batt=100% done=0
[R2] t=363 pos=(9, 5) state=IDLE batt=100% done=0
[R1] t=363 pos=(9, 2) state=IDLE batt=100% done=0
[R4] t=363 pos=(9, 11) state=IDLE batt=100% done=0
[R3] t=363 pos=(9, 8) state=IDLE batt=100% done=0
[R2] t=364 pos=(9, 5) state=IDLE batt=100% done=0
[R4] t=364 pos=(9, 11) state=IDLE batt=100% done=0
[R1] t=364 pos=(9, 2) state=IDLE batt=100% done=0
[R3] t=364 pos=(9, 8) state=IDLE batt=100% done=0
[R2] t=365 pos=(9, 5) state=IDLE batt=100% done=0
[R4] t=365 pos=(9, 11) state=IDLE batt=100% done=0
[R1] t=365 pos=(9, 2) state=IDLE batt=100% done=0
[R3] t=365 pos=(9, 8) state=IDLE batt=100% done=0
[R4] t=366 pos=(9, 11) state=IDLE batt=100% done=0
[R2] t=366 pos=(9, 5) state=IDLE batt=100% done=0
[R1] t=366 pos=(9, 2) state=IDLE batt=100% done=0
[R3] t=366 pos=(9, 8) state=IDLE batt=100% done=0
[R1] t=367 pos=(9, 2) state=IDLE batt=100% done=0
[R4] t=367 pos=(9, 11) state=IDLE batt=100% done=0
[R2] t=367 pos=(9, 5) state=IDLE batt=100% done=0
[R3] t=367 pos=(9, 8) state=IDLE batt=100% done=0
[R1] t=368 pos=(9, 2) state=IDLE batt=100% done=0
[R4] t=368 pos=(9, 11) state=IDLE batt=100% done=0
[R2] t=368 pos=(9, 5) state=IDLE batt=100% done=0
[R3] t=368 pos=(9, 8) state=IDLE batt=100% done=0
[R1] t=369 pos=(9, 2) state=IDLE batt=100% done=0
[R4] t=369 pos=(9, 11) state=IDLE batt=100% done=0
[R2] t=369 pos=(9, 5) state=IDLE batt=100% done=0
[R3] t=369 pos=(9, 8) state=IDLE batt=100% done=0
[R1] t=370 pos=(9, 2) state=IDLE batt=100% done=0
[R2] t=370 pos=(9, 5) state=IDLE batt=100% done=0
[R4] t=370 pos=(9, 11) state=IDLE batt=100% done=0
[R3] t=370 pos=(9, 8) state=IDLE batt=100% done=0
[R2] t=371 pos=(9, 5) state=IDLE batt=100% done=0
[R1] t=371 pos=(9, 2) state=IDLE batt=100% done=0
[R4] t=371 pos=(9, 11) state=IDLE batt=100% done=0
[R3] t=371 pos=(9, 8) state=IDLE batt=100% done=0
[R4] t=372 pos=(9, 11) state=IDLE batt=100% done=0
[R2] t=372 pos=(9, 5) state=IDLE batt=100% done=0
[R1] t=372 pos=(9, 2) state=IDLE batt=100% done=0
[R3] t=372 pos=(9, 8) state=IDLE batt=100% done=0
[R4] t=373 pos=(9, 11) state=IDLE batt=100% done=0
[R1] t=373 pos=(9, 2) state=IDLE batt=100% done=0
[R2] t=373 pos=(9, 5) state=IDLE batt=100% done=0
[R3] t=373 pos=(9, 8) state=IDLE batt=100% done=0
[R4] t=374 pos=(9, 11) state=IDLE batt=100% done=0
[R1] t=374 pos=(9, 2) state=IDLE batt=100% done=0
[R2] t=374 pos=(9, 5) state=IDLE batt=100% done=0
[R3] t=374 pos=(9, 8) state=IDLE batt=100% done=0
[R4] t=375 pos=(9, 11) state=IDLE batt=100% done=0
[R1] t=375 pos=(9, 2) state=IDLE batt=100% done=0
[R2] t=375 pos=(9, 5) state=IDLE batt=100% done=0
[R3] t=375 pos=(9, 8) state=IDLE batt=100% done=0
[R4] t=376 pos=(9, 11) state=IDLE batt=100% done=0
[R1] t=376 pos=(9, 2) state=IDLE batt=100% done=0
[R2] t=376 pos=(9, 5) state=IDLE batt=100% done=0
[R3] t=376 pos=(9, 8) state=IDLE batt=100% done=0
[R4] t=377 pos=(9, 11) state=IDLE batt=100% done=0
[R1] t=377 pos=(9, 2) state=IDLE batt=100% done=0
[R2] t=377 pos=(9, 5) state=IDLE batt=100% done=0
[R3] t=377 pos=(9, 8) state=IDLE batt=100% done=0
[R4] t=378 pos=(9, 11) state=IDLE batt=100% done=0
[R1] t=378 pos=(9, 2) state=IDLE batt=100% done=0
[R2] t=378 pos=(9, 5) state=IDLE batt=100% done=0
[R3] t=378 pos=(9, 8) state=IDLE batt=100% done=0
[R4] t=379 pos=(9, 11) state=IDLE batt=100% done=0
[R1] t=379 pos=(9, 2) state=IDLE batt=100% done=0
[R2] t=379 pos=(9, 5) state=IDLE batt=100% done=0
[R3] t=379 pos=(9, 8) state=IDLE batt=100% done=0
[R4] t=380 pos=(9, 11) state=IDLE batt=100% done=0
[R1] t=380 pos=(9, 2) state=IDLE batt=100% done=0
[R2] t=380 pos=(9, 5) state=IDLE batt=100% done=0
[R3] t=380 pos=(9, 8) state=IDLE batt=100% done=0
[R4] t=381 pos=(9, 11) state=IDLE batt=100% done=0
[R2] t=381 pos=(9, 5) state=IDLE batt=100% done=0
[R1] t=381 pos=(9, 2) state=IDLE batt=100% done=0
[R3] t=381 pos=(9, 8) state=IDLE batt=100% done=0
[R4] t=382 pos=(9, 11) state=IDLE batt=100% done=0
[R2] t=382 pos=(9, 5) state=IDLE batt=100% done=0
[R1] t=382 pos=(9, 2) state=IDLE batt=100% done=0
[R3] t=382 pos=(9, 8) state=IDLE batt=100% done=0
[R4] t=383 pos=(9, 11) state=IDLE batt=100% done=0
[R2] t=383 pos=(9, 5) state=IDLE batt=100% done=0
[R1] t=383 pos=(9, 2) state=IDLE batt=100% done=0
[R3] t=383 pos=(9, 8) state=IDLE batt=100% done=0
[R4] t=384 pos=(9, 11) state=IDLE batt=100% done=0
[R1] t=384 pos=(9, 2) state=IDLE batt=100% done=0
[R2] t=384 pos=(9, 5) state=IDLE batt=100% done=0
[R3] t=384 pos=(9, 8) state=IDLE batt=100% done=0
[R4] t=385 pos=(9, 11) state=IDLE batt=100% done=0
[R1] t=385 pos=(9, 2) state=IDLE batt=100% done=0
[R2] t=385 pos=(9, 5) state=IDLE batt=100% done=0
[R3] t=385 pos=(9, 8) state=IDLE batt=100% done=0
[R4] t=386 pos=(9, 11) state=IDLE batt=100% done=0
[R2] t=386 pos=(9, 5) state=IDLE batt=100% done=0
[R1] t=386 pos=(9, 2) state=IDLE batt=100% done=0
[R3] t=386 pos=(9, 8) state=IDLE batt=100% done=0
[R4] t=387 pos=(9, 11) state=IDLE batt=100% done=0
[R2] t=387 pos=(9, 5) state=IDLE batt=100% done=0
[R1] t=387 pos=(9, 2) state=IDLE batt=100% done=0
[R3] t=387 pos=(9, 8) state=IDLE batt=100% done=0
[R4] t=388 pos=(9, 11) state=IDLE batt=100% done=0
[R1] t=388 pos=(9, 2) state=IDLE batt=100% done=0
[R2] t=388 pos=(9, 5) state=IDLE batt=100% done=0
[R3] t=388 pos=(9, 8) state=IDLE batt=100% done=0
[R4] t=389 pos=(9, 11) state=IDLE batt=100% done=0
[R1] t=389 pos=(9, 2) state=IDLE batt=100% done=0
[R2] t=389 pos=(9, 5) state=IDLE batt=100% done=0
[R3] t=389 pos=(9, 8) state=IDLE batt=100% done=0
[R4] t=390 pos=(9, 11) state=IDLE batt=100% done=0
[R2] t=390 pos=(9, 5) state=IDLE batt=100% done=0
[R1] t=390 pos=(9, 2) state=IDLE batt=100% done=0
[R3] t=390 pos=(9, 8) state=IDLE batt=100% done=0
[R4] t=391 pos=(9, 11) state=IDLE batt=100% done=0
[R1] t=391 pos=(9, 2) state=IDLE batt=100% done=0
[R2] t=391 pos=(9, 5) state=IDLE batt=100% done=0
[R3] t=391 pos=(9, 8) state=IDLE batt=100% done=0
[R4] t=392 pos=(9, 11) state=IDLE batt=100% done=0
[R2] t=392 pos=(9, 5) state=IDLE batt=100% done=0
[R1] t=392 pos=(9, 2) state=IDLE batt=100% done=0
[R3] t=392 pos=(9, 8) state=IDLE batt=100% done=0
[R4] t=393 pos=(9, 11) state=IDLE batt=100% done=0
[R2] t=393 pos=(9, 5) state=IDLE batt=100% done=0
[R1] t=393 pos=(9, 2) state=IDLE batt=100% done=0
[R3] t=393 pos=(9, 8) state=IDLE batt=100% done=0
[R4] t=394 pos=(9, 11) state=IDLE batt=100% done=0
[R2] t=394 pos=(9, 5) state=IDLE batt=100% done=0
[R1] t=394 pos=(9, 2) state=IDLE batt=100% done=0
[R3] t=394 pos=(9, 8) state=IDLE batt=100% done=0
[R4] t=395 pos=(9, 11) state=IDLE batt=100% done=0
[R2] t=395 pos=(9, 5) state=IDLE batt=100% done=0
[R1] t=395 pos=(9, 2) state=IDLE batt=100% done=0
[R3] t=395 pos=(9, 8) state=IDLE batt=100% done=0
[R4] t=396 pos=(9, 11) state=IDLE batt=100% done=0
[R2] t=396 pos=(9, 5) state=IDLE batt=100% done=0
[R1] t=396 pos=(9, 2) state=IDLE batt=100% done=0
[R3] t=396 pos=(9, 8) state=IDLE batt=100% done=0
[R4] t=397 pos=(9, 11) state=IDLE batt=100% done=0
[R2] t=397 pos=(9, 5) state=IDLE batt=100% done=0
[R1] t=397 pos=(9, 2) state=IDLE batt=100% done=0
[R3] t=397 pos=(9, 8) state=IDLE batt=100% done=0
[R4] t=398 pos=(9, 11) state=IDLE batt=100% done=0
[R2] t=398 pos=(9, 5) state=IDLE batt=100% done=0
[R1] t=398 pos=(9, 2) state=IDLE batt=100% done=0
[R3] t=398 pos=(9, 8) state=IDLE batt=100% done=0
[R4] t=399 pos=(9, 11) state=IDLE batt=100% done=0
[R2] t=399 pos=(9, 5) state=IDLE batt=100% done=0
[R1] t=399 pos=(9, 2) state=IDLE batt=100% done=0
[R3] t=399 pos=(9, 8) state=IDLE batt=100% done=0
[R4] t=400 pos=(9, 11) state=IDLE batt=100% done=0
[R2] t=400 pos=(9, 5) state=IDLE batt=100% done=0
[R1] t=400 pos=(9, 2) state=IDLE batt=100% done=0
[R3] t=400 pos=(9, 8) state=IDLE batt=100% done=0
[R4] t=401 pos=(9, 11) state=IDLE batt=100% done=0
[R2] t=401 pos=(9, 5) state=IDLE batt=100% done=0
[R1] t=401 pos=(9, 2) state=IDLE batt=100% done=0
[R3] t=401 pos=(9, 8) state=IDLE batt=100% done=0
[R4] t=402 pos=(9, 11) state=IDLE batt=100% done=0
[R2] t=402 pos=(9, 5) state=IDLE batt=100% done=0
[R1] t=402 pos=(9, 2) state=IDLE batt=100% done=0
[R3] t=402 pos=(9, 8) state=IDLE batt=100% done=0
[R4] t=403 pos=(9, 11) state=IDLE batt=100% done=0
[R2] t=403 pos=(9, 5) state=IDLE batt=100% done=0
[R1] t=403 pos=(9, 2) state=IDLE batt=100% done=0
[R3] t=403 pos=(9, 8) state=IDLE batt=100% done=0
[R4] t=404 pos=(9, 11) state=IDLE batt=100% done=0
[R2] t=404 pos=(9, 5) state=IDLE batt=100% done=0
[R1] t=404 pos=(9, 2) state=IDLE batt=100% done=0
[R3] t=404 pos=(9, 8) state=IDLE batt=100% done=0
[R4] t=405 pos=(9, 11) state=IDLE batt=100% done=0
[R2] t=405 pos=(9, 5) state=IDLE batt=100% done=0
[R1] t=405 pos=(9, 2) state=IDLE batt=100% done=0
[R3] t=405 pos=(9, 8) state=IDLE batt=100% done=0
[R4] t=406 pos=(9, 11) state=IDLE batt=100% done=0
[R2] t=406 pos=(9, 5) state=IDLE batt=100% done=0
[R1] t=406 pos=(9, 2) state=IDLE batt=100% done=0
[R3] t=406 pos=(9, 8) state=IDLE batt=100% done=0
[R4] t=407 pos=(9, 11) state=IDLE batt=100% done=0
[R2] t=407 pos=(9, 5) state=IDLE batt=100% done=0
[R1] t=407 pos=(9, 2) state=IDLE batt=100% done=0
[R3] t=407 pos=(9, 8) state=IDLE batt=100% done=0
[R2] t=408 pos=(9, 5) state=IDLE batt=100% done=0
[R4] t=408 pos=(9, 11) state=IDLE batt=100% done=0
[R1] t=408 pos=(9, 2) state=IDLE batt=100% done=0
[R3] t=408 pos=(9, 8) state=IDLE batt=100% done=0
[R2] t=409 pos=(9, 5) state=IDLE batt=100% done=0
[R4] t=409 pos=(9, 11) state=IDLE batt=100% done=0
[R1] t=409 pos=(9, 2) state=IDLE batt=100% done=0
[R3] t=409 pos=(9, 8) state=IDLE batt=100% done=0
[R4] t=410 pos=(9, 11) state=IDLE batt=100% done=0
[R2] t=410 pos=(9, 5) state=IDLE batt=100% done=0
[R1] t=410 pos=(9, 2) state=IDLE batt=100% done=0
[R3] t=410 pos=(9, 8) state=IDLE batt=100% done=0
[R2] t=411 pos=(9, 5) state=IDLE batt=100% done=0
[R4] t=411 pos=(9, 11) state=IDLE batt=100% done=0
[R1] t=411 pos=(9, 2) state=IDLE batt=100% done=0
[R3] t=411 pos=(9, 8) state=IDLE batt=100% done=0
[R4] t=412 pos=(9, 11) state=IDLE batt=100% done=0
[R2] t=412 pos=(9, 5) state=IDLE batt=100% done=0
[R1] t=412 pos=(9, 2) state=IDLE batt=100% done=0
[R3] t=412 pos=(9, 8) state=IDLE batt=100% done=0
[R2] t=413 pos=(9, 5) state=IDLE batt=100% done=0
[R4] t=413 pos=(9, 11) state=IDLE batt=100% done=0
[R1] t=413 pos=(9, 2) state=IDLE batt=100% done=0
[R3] t=413 pos=(9, 8) state=IDLE batt=100% done=0
[R2] t=414 pos=(9, 5) state=IDLE batt=100% done=0
[R4] t=414 pos=(9, 11) state=IDLE batt=100% done=0
[R1] t=414 pos=(9, 2) state=IDLE batt=100% done=0
[R3] t=414 pos=(9, 8) state=IDLE batt=100% done=0
[R4] t=415 pos=(9, 11) state=IDLE batt=100% done=0
[R2] t=415 pos=(9, 5) state=IDLE batt=100% done=0
[R1] t=415 pos=(9, 2) state=IDLE batt=100% done=0
[R3] t=415 pos=(9, 8) state=IDLE batt=100% done=0
[R4] t=416 pos=(9, 11) state=IDLE batt=100% done=0
[R2] t=416 pos=(9, 5) state=IDLE batt=100% done=0
[R1] t=416 pos=(9, 2) state=IDLE batt=100% done=0
[R3] t=416 pos=(9, 8) state=IDLE batt=100% done=0
[R4] t=417 pos=(9, 11) state=IDLE batt=100% done=0
[R2] t=417 pos=(9, 5) state=IDLE batt=100% done=0
[R1] t=417 pos=(9, 2) state=IDLE batt=100% done=0
[R3] t=417 pos=(9, 8) state=IDLE batt=100% done=0
[R4] t=418 pos=(9, 11) state=IDLE batt=100% done=0
[R2] t=418 pos=(9, 5) state=IDLE batt=100% done=0
[R1] t=418 pos=(9, 2) state=IDLE batt=100% done=0
[R3] t=418 pos=(9, 8) state=IDLE batt=100% done=0
[R2] t=419 pos=(9, 5) state=IDLE batt=100% done=0
[R4] t=419 pos=(9, 11) state=IDLE batt=100% done=0
[R1] t=419 pos=(9, 2) state=IDLE batt=100% done=0
[R3] t=419 pos=(9, 8) state=IDLE batt=100% done=0
[R2] t=420 pos=(9, 5) state=IDLE batt=100% done=0
[R4] t=420 pos=(9, 11) state=IDLE batt=100% done=0
[R1] t=420 pos=(9, 2) state=IDLE batt=100% done=0
[R3] t=420 pos=(9, 8) state=IDLE batt=100% done=0
[R2] t=421 pos=(9, 5) state=IDLE batt=100% done=0
[R4] t=421 pos=(9, 11) state=IDLE batt=100% done=0
[R1] t=421 pos=(9, 2) state=IDLE batt=100% done=0
[R3] t=421 pos=(9, 8) state=IDLE batt=100% done=0
[R2] t=422 pos=(9, 5) state=IDLE batt=100% done=0
[R4] t=422 pos=(9, 11) state=IDLE batt=100% done=0
[R1] t=422 pos=(9, 2) state=IDLE batt=100% done=0
[R3] t=422 pos=(9, 8) state=IDLE batt=100% done=0
[R2] t=423 pos=(9, 5) state=IDLE batt=100% done=0
[R4] t=423 pos=(9, 11) state=IDLE batt=100% done=0
[R1] t=423 pos=(9, 2) state=IDLE batt=100% done=0
[R3] t=423 pos=(9, 8) state=IDLE batt=100% done=0
[R2] t=424 pos=(9, 5) state=IDLE batt=100% done=0
[R4] t=424 pos=(9, 11) state=IDLE batt=100% done=0
[R1] t=424 pos=(9, 2) state=IDLE batt=100% done=0
[R3] t=424 pos=(9, 8) state=IDLE batt=100% done=0
[R2] t=425 pos=(9, 5) state=IDLE batt=100% done=0
[R4] t=425 pos=(9, 11) state=IDLE batt=100% done=0
[R1] t=425 pos=(9, 2) state=IDLE batt=100% done=0
[R3] t=425 pos=(9, 8) state=IDLE batt=100% done=0
[R2] t=426 pos=(9, 5) state=IDLE batt=100% done=0
[R4] t=426 pos=(9, 11) state=IDLE batt=100% done=0
[R1] t=426 pos=(9, 2) state=IDLE batt=100% done=0
[R3] t=426 pos=(9, 8) state=IDLE batt=100% done=0
[R2] t=427 pos=(9, 5) state=IDLE batt=100% done=0
[R4] t=427 pos=(9, 11) state=IDLE batt=100% done=0
[R1] t=427 pos=(9, 2) state=IDLE batt=100% done=0
[R3] t=427 pos=(9, 8) state=IDLE batt=100% done=0
[R2] t=428 pos=(9, 5) state=IDLE batt=100% done=0
[R4] t=428 pos=(9, 11) state=IDLE batt=100% done=0
[R1] t=428 pos=(9, 2) state=IDLE batt=100% done=0
[R3] t=428 pos=(9, 8) state=IDLE batt=100% done=0
[R2] t=429 pos=(9, 5) state=IDLE batt=100% done=0
[R4] t=429 pos=(9, 11) state=IDLE batt=100% done=0
[R1] t=429 pos=(9, 2) state=IDLE batt=100% done=0
[R3] t=429 pos=(9, 8) state=IDLE batt=100% done=0
[R2] t=430 pos=(9, 5) state=IDLE batt=100% done=0
[R4] t=430 pos=(9, 11) state=IDLE batt=100% done=0
[R1] t=430 pos=(9, 2) state=IDLE batt=100% done=0
[R3] t=430 pos=(9, 8) state=IDLE batt=100% done=0
[R2] t=431 pos=(9, 5) state=IDLE batt=100% done=0
[R4] t=431 pos=(9, 11) state=IDLE batt=100% done=0
[R1] t=431 pos=(9, 2) state=IDLE batt=100% done=0
[R3] t=431 pos=(9, 8) state=IDLE batt=100% done=0
[R2] t=432 pos=(9, 5) state=IDLE batt=100% done=0
[R4] t=432 pos=(9, 11) state=IDLE batt=100% done=0
[R1] t=432 pos=(9, 2) state=IDLE batt=100% done=0
[R3] t=432 pos=(9, 8) state=IDLE batt=100% done=0
[R4] t=433 pos=(9, 11) state=IDLE batt=100% done=0
[R2] t=433 pos=(9, 5) state=IDLE batt=100% done=0
[R1] t=433 pos=(9, 2) state=IDLE batt=100% done=0
[R3] t=433 pos=(9, 8) state=IDLE batt=100% done=0
[R4] t=434 pos=(9, 11) state=IDLE batt=100% done=0
[R2] t=434 pos=(9, 5) state=IDLE batt=100% done=0
[R1] t=434 pos=(9, 2) state=IDLE batt=100% done=0
[R3] t=434 pos=(9, 8) state=IDLE batt=100% done=0
[R4] t=435 pos=(9, 11) state=IDLE batt=100% done=0
[R2] t=435 pos=(9, 5) state=IDLE batt=100% done=0
[R1] t=435 pos=(9, 2) state=IDLE batt=100% done=0
[R3] t=435 pos=(9, 8) state=IDLE batt=100% done=0
[R4] t=436 pos=(9, 11) state=IDLE batt=100% done=0
[R2] t=436 pos=(9, 5) state=IDLE batt=100% done=0
[R1] t=436 pos=(9, 2) state=IDLE batt=100% done=0
[R3] t=436 pos=(9, 8) state=IDLE batt=100% done=0
[R2] t=437 pos=(9, 5) state=IDLE batt=100% done=0
[R4] t=437 pos=(9, 11) state=IDLE batt=100% done=0
[R1] t=437 pos=(9, 2) state=IDLE batt=100% done=0
[R3] t=437 pos=(9, 8) state=IDLE batt=100% done=0
[R4] t=438 pos=(9, 11) state=IDLE batt=100% done=0
[R2] t=438 pos=(9, 5) state=IDLE batt=100% done=0
[R1] t=438 pos=(9, 2) state=IDLE batt=100% done=0
[R3] t=438 pos=(9, 8) state=IDLE batt=100% done=0
[R4] t=439 pos=(9, 11) state=IDLE batt=100% done=0
[R2] t=439 pos=(9, 5) state=IDLE batt=100% done=0
[R1] t=439 pos=(9, 2) state=IDLE batt=100% done=0
[R3] t=439 pos=(9, 8) state=IDLE batt=100% done=0
[R4] t=440 pos=(9, 11) state=IDLE batt=100% done=0
[R2] t=440 pos=(9, 5) state=IDLE batt=100% done=0
[R1] t=440 pos=(9, 2) state=IDLE batt=100% done=0
[R3] t=440 pos=(9, 8) state=IDLE batt=100% done=0
[R4] t=441 pos=(9, 11) state=IDLE batt=100% done=0
[R2] t=441 pos=(9, 5) state=IDLE batt=100% done=0
[R1] t=441 pos=(9, 2) state=IDLE batt=100% done=0
[R3] t=441 pos=(9, 8) state=IDLE batt=100% done=0
[R2] t=442 pos=(9, 5) state=IDLE batt=100% done=0
[R4] t=442 pos=(9, 11) state=IDLE batt=100% done=0
[R1] t=442 pos=(9, 2) state=IDLE batt=100% done=0
[R3] t=442 pos=(9, 8) state=IDLE batt=100% done=0
[R2] t=443 pos=(9, 5) state=IDLE batt=100% done=0
[R4] t=443 pos=(9, 11) state=IDLE batt=100% done=0
[R1] t=443 pos=(9, 2) state=IDLE batt=100% done=0
[R3] t=443 pos=(9, 8) state=IDLE batt=100% done=0
[R4] t=444 pos=(9, 11) state=IDLE batt=100% done=0
[R2] t=444 pos=(9, 5) state=IDLE batt=100% done=0
[R1] t=444 pos=(9, 2) state=IDLE batt=100% done=0
[R3] t=444 pos=(9, 8) state=IDLE batt=100% done=0
[R4] t=445 pos=(9, 11) state=IDLE batt=100% done=0
[R2] t=445 pos=(9, 5) state=IDLE batt=100% done=0
[R1] t=445 pos=(9, 2) state=IDLE batt=100% done=0
[R3] t=445 pos=(9, 8) state=IDLE batt=100% done=0
[R2] t=446 pos=(9, 5) state=IDLE batt=100% done=0
[R4] t=446 pos=(9, 11) state=IDLE batt=100% done=0
[R1] t=446 pos=(9, 2) state=IDLE batt=100% done=0
[R3] t=446 pos=(9, 8) state=IDLE batt=100% done=0
[R2] t=447 pos=(9, 5) state=IDLE batt=100% done=0
[R4] t=447 pos=(9, 11) state=IDLE batt=100% done=0
[R1] t=447 pos=(9, 2) state=IDLE batt=100% done=0
[R3] t=447 pos=(9, 8) state=IDLE batt=100% done=0
[R2] t=448 pos=(9, 5) state=IDLE batt=100% done=0
[R4] t=448 pos=(9, 11) state=IDLE batt=100% done=0
[R1] t=448 pos=(9, 2) state=IDLE batt=100% done=0
[R3] t=448 pos=(9, 8) state=IDLE batt=100% done=0
[R2] t=449 pos=(9, 5) state=IDLE batt=100% done=0
[R4] t=449 pos=(9, 11) state=IDLE batt=100% done=0
[R1] t=449 pos=(9, 2) state=IDLE batt=100% done=0
[R3] t=449 pos=(9, 8) state=IDLE batt=100% done=0
[R2] t=450 pos=(9, 5) state=IDLE batt=100% done=0
[R4] t=450 pos=(9, 11) state=IDLE batt=100% done=0
[R1] t=450 pos=(9, 2) state=IDLE batt=100% done=0
[R3] t=450 pos=(9, 8) state=IDLE batt=100% done=0
[R2] t=451 pos=(9, 5) state=IDLE batt=100% done=0
[R4] t=451 pos=(9, 11) state=IDLE batt=100% done=0
[R1] t=451 pos=(9, 2) state=IDLE batt=100% done=0
[R3] t=451 pos=(9, 8) state=IDLE batt=100% done=0
[R2] t=452 pos=(9, 5) state=IDLE batt=100% done=0
[R4] t=452 pos=(9, 11) state=IDLE batt=100% done=0
[R1] t=452 pos=(9, 2) state=IDLE batt=100% done=0
[R3] t=452 pos=(9, 8) state=IDLE batt=100% done=0
[R2] t=453 pos=(9, 5) state=IDLE batt=100% done=0
[R4] t=453 pos=(9, 11) state=IDLE batt=100% done=0
[R1] t=453 pos=(9, 2) state=IDLE batt=100% done=0
[R3] t=453 pos=(9, 8) state=IDLE batt=100% done=0
[R2] t=454 pos=(9, 5) state=IDLE batt=100% done=0
[R4] t=454 pos=(9, 11) state=IDLE batt=100% done=0
[R1] t=454 pos=(9, 2) state=IDLE batt=100% done=0
[R3] t=454 pos=(9, 8) state=IDLE batt=100% done=0
[R2] t=455 pos=(9, 5) state=IDLE batt=100% done=0
[R4] t=455 pos=(9, 11) state=IDLE batt=100% done=0
[R1] t=455 pos=(9, 2) state=IDLE batt=100% done=0
[R3] t=455 pos=(9, 8) state=IDLE batt=100% done=0
[R2] t=456 pos=(9, 5) state=IDLE batt=100% done=0
[R4] t=456 pos=(9, 11) state=IDLE batt=100% done=0
[R1] t=456 pos=(9, 2) state=IDLE batt=100% done=0
[R3] t=456 pos=(9, 8) state=IDLE batt=100% done=0
[R2] t=457 pos=(9, 5) state=IDLE batt=100% done=0
[R4] t=457 pos=(9, 11) state=IDLE batt=100% done=0
[R1] t=457 pos=(9, 2) state=IDLE batt=100% done=0
[R3] t=457 pos=(9, 8) state=IDLE batt=100% done=0
[R2] t=458 pos=(9, 5) state=IDLE batt=100% done=0
[R4] t=458 pos=(9, 11) state=IDLE batt=100% done=0
[R1] t=458 pos=(9, 2) state=IDLE batt=100% done=0
[R3] t=458 pos=(9, 8) state=IDLE batt=100% done=0
[R2] t=459 pos=(9, 5) state=IDLE batt=100% done=0
[R4] t=459 pos=(9, 11) state=IDLE batt=100% done=0
[R1] t=459 pos=(9, 2) state=IDLE batt=100% done=0
[R3] t=459 pos=(9, 8) state=IDLE batt=100% done=0
[R2] t=460 pos=(9, 5) state=IDLE batt=100% done=0
[R4] t=460 pos=(9, 11) state=IDLE batt=100% done=0
[R1] t=460 pos=(9, 2) state=IDLE batt=100% done=0
[R3] t=460 pos=(9, 8) state=IDLE batt=100% done=0
[R2] t=461 pos=(9, 5) state=IDLE batt=100% done=0
[R4] t=461 pos=(9, 11) state=IDLE batt=100% done=0
[R1] t=461 pos=(9, 2) state=IDLE batt=100% done=0
INFO:     127.0.0.1:58104 - "GET / HTTP/1.1" 200 OK
[R3] t=461 pos=(9, 8) state=IDLE batt=100% done=0
INFO:     127.0.0.1:58104 - "GET /warehouse HTTP/1.1" 200 OK
INFO:     127.0.0.1:58104 - "GET /warehouse HTTP/1.1" 200 OK
INFO:     127.0.0.1:58107 - "WebSocket /ws" [accepted]
INFO:     connection open
[R2] t=462 pos=(9, 5) state=IDLE batt=100% done=0
[R4] t=462 pos=(9, 11) state=IDLE batt=100% done=0
[R1] t=462 pos=(9, 2) state=IDLE batt=100% done=0
[R3] t=462 pos=(9, 8) state=IDLE batt=100% done=0
[R2] t=463 pos=(9, 5) state=IDLE batt=100% done=0
[R4] t=463 pos=(9, 11) state=IDLE batt=100% done=0
[R1] t=463 pos=(9, 2) state=IDLE batt=100% done=0
[R3] t=463 pos=(9, 8) state=IDLE batt=100% done=0
[R2] t=464 pos=(9, 5) state=IDLE batt=100% done=0
[R4] t=464 pos=(9, 11) state=IDLE batt=100% done=0
[R1] t=464 pos=(9, 2) state=IDLE batt=100% done=0
[R3] t=464 pos=(9, 8) state=IDLE batt=100% done=0
[R2] t=465 pos=(9, 5) state=IDLE batt=100% done=0
[R4] t=465 pos=(9, 11) state=IDLE batt=100% done=0
[R1] t=465 pos=(9, 2) state=IDLE batt=100% done=0
[R3] t=465 pos=(9, 8) state=IDLE batt=100% done=0
[R2] t=466 pos=(9, 5) state=IDLE batt=100% done=0
[R4] t=466 pos=(9, 11) state=IDLE batt=100% done=0
[R1] t=466 pos=(9, 2) state=IDLE batt=100% done=0
[R3] t=466 pos=(9, 8) state=IDLE batt=100% done=0
[R2] t=467 pos=(9, 5) state=IDLE batt=100% done=0
[R4] t=467 pos=(9, 11) state=IDLE batt=100% done=0
[R1] t=467 pos=(9, 2) state=IDLE batt=100% done=0
[R3] t=467 pos=(9, 8) state=IDLE batt=100% done=0
[R2] t=468 pos=(9, 5) state=IDLE batt=100% done=0
[R4] t=468 pos=(9, 11) state=IDLE batt=100% done=0
[R1] t=468 pos=(9, 2) state=IDLE batt=100% done=0
[R3] t=468 pos=(9, 8) state=IDLE batt=100% done=0
[R2] t=469 pos=(9, 5) state=IDLE batt=100% done=0
[R4] t=469 pos=(9, 11) state=IDLE batt=100% done=0
[R1] t=469 pos=(9, 2) state=IDLE batt=100% done=0
[R3] t=469 pos=(9, 8) state=IDLE batt=100% done=0
[R2] t=470 pos=(9, 5) state=IDLE batt=100% done=0
[R4] t=470 pos=(9, 11) state=IDLE batt=100% done=0
[R1] t=470 pos=(9, 2) state=IDLE batt=100% done=0
[R3] t=470 pos=(9, 8) state=IDLE batt=100% done=0
[R2] t=471 pos=(9, 5) state=IDLE batt=100% done=0
[R4] t=471 pos=(9, 11) state=IDLE batt=100% done=0
[R1] t=471 pos=(9, 2) state=IDLE batt=100% done=0
[R3] t=471 pos=(9, 8) state=IDLE batt=100% done=0
[R2] t=472 pos=(9, 5) state=IDLE batt=100% done=0
[R4] t=472 pos=(9, 11) state=IDLE batt=100% done=0
[R1] t=472 pos=(9, 2) state=IDLE batt=100% done=0
[R3] t=472 pos=(9, 8) state=IDLE batt=100% done=0
[R2] t=473 pos=(9, 5) state=IDLE batt=100% done=0
[R4] t=473 pos=(9, 11) state=IDLE batt=100% done=0
[R1] t=473 pos=(9, 2) state=IDLE batt=100% done=0
[R3] t=473 pos=(9, 8) state=IDLE batt=100% done=0
[R2] t=474 pos=(9, 5) state=IDLE batt=100% done=0
[R4] t=474 pos=(9, 11) state=IDLE batt=100% done=0
[R1] t=474 pos=(9, 2) state=IDLE batt=100% done=0
[R3] t=474 pos=(9, 8) state=IDLE batt=100% done=0
[R2] t=475 pos=(9, 5) state=IDLE batt=100% done=0
[R4] t=475 pos=(9, 11) state=IDLE batt=100% done=0
[R1] t=475 pos=(9, 2) state=IDLE batt=100% done=0
[R3] t=475 pos=(9, 8) state=IDLE batt=100% done=0
[R2] t=476 pos=(9, 5) state=IDLE batt=100% done=0
[R4] t=476 pos=(9, 11) state=IDLE batt=100% done=0
[R1] t=476 pos=(9, 2) state=IDLE batt=100% done=0
[R3] t=476 pos=(9, 8) state=IDLE batt=100% done=0
[R2] t=477 pos=(9, 5) state=IDLE batt=100% done=0
[R4] t=477 pos=(9, 11) state=IDLE batt=100% done=0
[R1] t=477 pos=(9, 2) state=IDLE batt=100% done=0
[R3] t=477 pos=(9, 8) state=IDLE batt=100% done=0
[R2] t=478 pos=(9, 5) state=IDLE batt=100% done=0
[R4] t=478 pos=(9, 11) state=IDLE batt=100% done=0
[R1] t=478 pos=(9, 2) state=IDLE batt=100% done=0
[R3] t=478 pos=(9, 8) state=IDLE batt=100% done=0
[R2] t=479 pos=(9, 5) state=IDLE batt=100% done=0
[R4] t=479 pos=(9, 11) state=IDLE batt=100% done=0
[R1] t=479 pos=(9, 2) state=IDLE batt=100% done=0
[R3] t=479 pos=(9, 8) state=IDLE batt=100% done=0
[R2] t=480 pos=(9, 5) state=IDLE batt=100% done=0
[R4] t=480 pos=(9, 11) state=IDLE batt=100% done=0
[R1] t=480 pos=(9, 2) state=IDLE batt=100% done=0
[R3] t=480 pos=(9, 8) state=IDLE batt=100% done=0
[R2] t=481 pos=(9, 5) state=IDLE batt=100% done=0
[R4] t=481 pos=(9, 11) state=IDLE batt=100% done=0
[R1] t=481 pos=(9, 2) state=IDLE batt=100% done=0
[R3] t=481 pos=(9, 8) state=IDLE batt=100% done=0
[R2] t=482 pos=(9, 5) state=IDLE batt=100% done=0
[R4] t=482 pos=(9, 11) state=IDLE batt=100% done=0
[R1] t=482 pos=(9, 2) state=IDLE batt=100% done=0
[R3] t=482 pos=(9, 8) state=IDLE batt=100% done=0
[R2] t=483 pos=(9, 5) state=IDLE batt=100% done=0
[R4] t=483 pos=(9, 11) state=IDLE batt=100% done=0
[R1] t=483 pos=(9, 2) state=IDLE batt=100% done=0
[R3] t=483 pos=(9, 8) state=IDLE batt=100% done=0
[R2] t=484 pos=(9, 5) state=IDLE batt=100% done=0
[R4] t=484 pos=(9, 11) state=IDLE batt=100% done=0
[R1] t=484 pos=(9, 2) state=IDLE batt=100% done=0
[R3] t=484 pos=(9, 8) state=IDLE batt=100% done=0
[R2] t=485 pos=(9, 5) state=IDLE batt=100% done=0
[R4] t=485 pos=(9, 11) state=IDLE batt=100% done=0
[R1] t=485 pos=(9, 2) state=IDLE batt=100% done=0
[R3] t=485 pos=(9, 8) state=IDLE batt=100% done=0
[R2] t=486 pos=(9, 5) state=IDLE batt=100% done=0
[R4] t=486 pos=(9, 11) state=IDLE batt=100% done=0
[R1] t=486 pos=(9, 2) state=IDLE batt=100% done=0
[R3] t=486 pos=(9, 8) state=IDLE batt=100% done=0
[R2] t=487 pos=(9, 5) state=IDLE batt=100% done=0
[R1] t=487 pos=(9, 2) state=IDLE batt=100% done=0
[R4] t=487 pos=(9, 11) state=IDLE batt=100% done=0
[R3] t=487 pos=(9, 8) state=IDLE batt=100% done=0
[R2] t=488 pos=(9, 5) state=IDLE batt=100% done=0
[R1] t=488 pos=(9, 2) state=IDLE batt=100% done=0
[R4] t=488 pos=(9, 11) state=IDLE batt=100% done=0
[R3] t=488 pos=(9, 8) state=IDLE batt=100% done=0
[R2] t=489 pos=(9, 5) state=IDLE batt=100% done=0
[R1] t=489 pos=(9, 2) state=IDLE batt=100% done=0
[R4] t=489 pos=(9, 11) state=IDLE batt=100% done=0
[R3] t=489 pos=(9, 8) state=IDLE batt=100% done=0
[R2] t=490 pos=(9, 5) state=IDLE batt=100% done=0
[R4] t=490 pos=(9, 11) state=IDLE batt=100% done=0
[R1] t=490 pos=(9, 2) state=IDLE batt=100% done=0
[R3] t=490 pos=(9, 8) state=IDLE batt=100% done=0
[R2] t=491 pos=(9, 5) state=IDLE batt=100% done=0
[R4] t=491 pos=(9, 11) state=IDLE batt=100% done=0
[R1] t=491 pos=(9, 2) state=IDLE batt=100% done=0
[R3] t=491 pos=(9, 8) state=IDLE batt=100% done=0
[R2] t=492 pos=(9, 5) state=IDLE batt=100% done=0
[R4] t=492 pos=(9, 11) state=IDLE batt=100% done=0
[R1] t=492 pos=(9, 2) state=IDLE batt=100% done=0
[R3] t=492 pos=(9, 8) state=IDLE batt=100% done=0
[R2] t=493 pos=(9, 5) state=IDLE batt=100% done=0
[R4] t=493 pos=(9, 11) state=IDLE batt=100% done=0
[R1] t=493 pos=(9, 2) state=IDLE batt=100% done=0
[R3] t=493 pos=(9, 8) state=IDLE batt=100% done=0
[R2] t=494 pos=(9, 5) state=IDLE batt=100% done=0
[R4] t=494 pos=(9, 11) state=IDLE batt=100% done=0
[R1] t=494 pos=(9, 2) state=IDLE batt=100% done=0
[R3] t=494 pos=(9, 8) state=IDLE batt=100% done=0
[R2] t=495 pos=(9, 5) state=IDLE batt=100% done=0
[R4] t=495 pos=(9, 11) state=IDLE batt=100% done=0
[R1] t=495 pos=(9, 2) state=IDLE batt=100% done=0
[R3] t=495 pos=(9, 8) state=IDLE batt=100% done=0
[R2] t=496 pos=(9, 5) state=IDLE batt=100% done=0
[R4] t=496 pos=(9, 11) state=IDLE batt=100% done=0
[R1] t=496 pos=(9, 2) state=IDLE batt=100% done=0
[R3] t=496 pos=(9, 8) state=IDLE batt=100% done=0
[R2] t=497 pos=(9, 5) state=IDLE batt=100% done=0
[R4] t=497 pos=(9, 11) state=IDLE batt=100% done=0
[R1] t=497 pos=(9, 2) state=IDLE batt=100% done=0
[R3] t=497 pos=(9, 8) state=IDLE batt=100% done=0
[R2] t=498 pos=(9, 5) state=IDLE batt=100% done=0
[R4] t=498 pos=(9, 11) state=IDLE batt=100% done=0
[R1] t=498 pos=(9, 2) state=IDLE batt=100% done=0
[R3] t=498 pos=(9, 8) state=IDLE batt=100% done=0
[R2] t=499 pos=(9, 5) state=IDLE batt=100% done=0
[R4] t=499 pos=(9, 11) state=IDLE batt=100% done=0
[R1] t=499 pos=(9, 2) state=IDLE batt=100% done=0
[R3] t=499 pos=(9, 8) state=IDLE batt=100% done=0
[R2] t=500 pos=(9, 5) state=IDLE batt=100% done=0
[R4] t=500 pos=(9, 11) state=IDLE batt=100% done=0
[R1] t=500 pos=(9, 2) state=IDLE batt=100% done=0
[R3] t=500 pos=(9, 8) state=IDLE batt=100% done=0
[R2] t=501 pos=(9, 5) state=IDLE batt=100% done=0
[R4] t=501 pos=(9, 11) state=IDLE batt=100% done=0
[R1] t=501 pos=(9, 2) state=IDLE batt=100% done=0
[R3] t=501 pos=(9, 8) state=IDLE batt=100% done=0
[R2] t=502 pos=(9, 5) state=IDLE batt=100% done=0
[R4] t=502 pos=(9, 11) state=IDLE batt=100% done=0
[R1] t=502 pos=(9, 2) state=IDLE batt=100% done=0
[R3] t=502 pos=(9, 8) state=IDLE batt=100% done=0
[R2] t=503 pos=(9, 5) state=IDLE batt=100% done=0
[R4] t=503 pos=(9, 11) state=IDLE batt=100% done=0
[R1] t=503 pos=(9, 2) state=IDLE batt=100% done=0
[R3] t=503 pos=(9, 8) state=IDLE batt=100% done=0
[R2] t=504 pos=(9, 5) state=IDLE batt=100% done=0
[R4] t=504 pos=(9, 11) state=IDLE batt=100% done=0
[R1] t=504 pos=(9, 2) state=IDLE batt=100% done=0
[R3] t=504 pos=(9, 8) state=IDLE batt=100% done=0
[R2] t=505 pos=(9, 5) state=IDLE batt=100% done=0
[R4] t=505 pos=(9, 11) state=IDLE batt=100% done=0
[R1] t=505 pos=(9, 2) state=IDLE batt=100% done=0
[R3] t=505 pos=(9, 8) state=IDLE batt=100% done=0
[R2] t=506 pos=(9, 5) state=IDLE batt=100% done=0
[R4] t=506 pos=(9, 11) state=IDLE batt=100% done=0
[R1] t=506 pos=(9, 2) state=IDLE batt=100% done=0
[R3] t=506 pos=(9, 8) state=IDLE batt=100% done=0
[R2] t=507 pos=(9, 5) state=IDLE batt=100% done=0
[R4] t=507 pos=(9, 11) state=IDLE batt=100% done=0
[R1] t=507 pos=(9, 2) state=IDLE batt=100% done=0
[R3] t=507 pos=(9, 8) state=IDLE batt=100% done=0
[R2] t=508 pos=(9, 5) state=IDLE batt=100% done=0
[R4] t=508 pos=(9, 11) state=IDLE batt=100% done=0
[R1] t=508 pos=(9, 2) state=IDLE batt=100% done=0
[R3] t=508 pos=(9, 8) state=IDLE batt=100% done=0
[R2] t=509 pos=(9, 5) state=IDLE batt=100% done=0
[R4] t=509 pos=(9, 11) state=IDLE batt=100% done=0
[R1] t=509 pos=(9, 2) state=IDLE batt=100% done=0
[R3] t=509 pos=(9, 8) state=IDLE batt=100% done=0
[R2] t=510 pos=(9, 5) state=IDLE batt=100% done=0
[R4] t=510 pos=(9, 11) state=IDLE batt=100% done=0
[R1] t=510 pos=(9, 2) state=IDLE batt=100% done=0
[R3] t=510 pos=(9, 8) state=IDLE batt=100% done=0
[R2] t=511 pos=(9, 5) state=IDLE batt=100% done=0
[R4] t=511 pos=(9, 11) state=IDLE batt=100% done=0
[R1] t=511 pos=(9, 2) state=IDLE batt=100% done=0
[R3] t=511 pos=(9, 8) state=IDLE batt=100% done=0
[R2] t=512 pos=(9, 5) state=IDLE batt=100% done=0
[R4] t=512 pos=(9, 11) state=IDLE batt=100% done=0
[R1] t=512 pos=(9, 2) state=IDLE batt=100% done=0
[R3] t=512 pos=(9, 8) state=IDLE batt=100% done=0
[R2] t=513 pos=(9, 5) state=IDLE batt=100% done=0
[R4] t=513 pos=(9, 11) state=IDLE batt=100% done=0
[R1] t=513 pos=(9, 2) state=IDLE batt=100% done=0
[R3] t=513 pos=(9, 8) state=IDLE batt=100% done=0
[R2] t=514 pos=(9, 5) state=IDLE batt=100% done=0
[R4] t=514 pos=(9, 11) state=IDLE batt=100% done=0
[R1] t=514 pos=(9, 2) state=IDLE batt=100% done=0
[R3] t=514 pos=(9, 8) state=IDLE batt=100% done=0
[R2] t=515 pos=(9, 5) state=IDLE batt=100% done=0
[R4] t=515 pos=(9, 11) state=IDLE batt=100% done=0
[R1] t=515 pos=(9, 2) state=IDLE batt=100% done=0
[R3] t=515 pos=(9, 8) state=IDLE batt=100% done=0
[R2] t=516 pos=(9, 5) state=IDLE batt=100% done=0
[R4] t=516 pos=(9, 11) state=IDLE batt=100% done=0
[R1] t=516 pos=(9, 2) state=IDLE batt=100% done=0
[R3] t=516 pos=(9, 8) state=IDLE batt=100% done=0
[R2] t=517 pos=(9, 5) state=IDLE batt=100% done=0
[R4] t=517 pos=(9, 11) state=IDLE batt=100% done=0
[R1] t=517 pos=(9, 2) state=IDLE batt=100% done=0
[R3] t=517 pos=(9, 8) state=IDLE batt=100% done=0
[R2] t=518 pos=(9, 5) state=IDLE batt=100% done=0
[R4] t=518 pos=(9, 11) state=IDLE batt=100% done=0
[R1] t=518 pos=(9, 2) state=IDLE batt=100% done=0
[R3] t=518 pos=(9, 8) state=IDLE batt=100% done=0
[R2] t=519 pos=(9, 5) state=IDLE batt=100% done=0
[R4] t=519 pos=(9, 11) state=IDLE batt=100% done=0
[R1] t=519 pos=(9, 2) state=IDLE batt=100% done=0
[R3] t=519 pos=(9, 8) state=IDLE batt=100% done=0
[R2] t=520 pos=(9, 5) state=IDLE batt=100% done=0
[R4] t=520 pos=(9, 11) state=IDLE batt=100% done=0
[R1] t=520 pos=(9, 2) state=IDLE batt=100% done=0
[R3] t=520 pos=(9, 8) state=IDLE batt=100% done=0
[R2] t=521 pos=(9, 5) state=IDLE batt=100% done=0
[R4] t=521 pos=(9, 11) state=IDLE batt=100% done=0
[R1] t=521 pos=(9, 2) state=IDLE batt=100% done=0
[R3] t=521 pos=(9, 8) state=IDLE batt=100% done=0
[R2] t=522 pos=(9, 5) state=IDLE batt=100% done=0
[R4] t=522 pos=(9, 11) state=IDLE batt=100% done=0
[R1] t=522 pos=(9, 2) state=IDLE batt=100% done=0
[R3] t=522 pos=(9, 8) state=IDLE batt=100% done=0
[R2] t=523 pos=(9, 5) state=IDLE batt=100% done=0
[R4] t=523 pos=(9, 11) state=IDLE batt=100% done=0
[R1] t=523 pos=(9, 2) state=IDLE batt=100% done=0
[R3] t=523 pos=(9, 8) state=IDLE batt=100% done=0
[R2] t=524 pos=(9, 5) state=IDLE batt=100% done=0
[R4] t=524 pos=(9, 11) state=IDLE batt=100% done=0
[R1] t=524 pos=(9, 2) state=IDLE batt=100% done=0
[R3] t=524 pos=(9, 8) state=IDLE batt=100% done=0
[R2] t=525 pos=(9, 5) state=IDLE batt=100% done=0
[R4] t=525 pos=(9, 11) state=IDLE batt=100% done=0
[R1] t=525 pos=(9, 2) state=IDLE batt=100% done=0
[R3] t=525 pos=(9, 8) state=IDLE batt=100% done=0
[R2] t=526 pos=(9, 5) state=IDLE batt=100% done=0
[R4] t=526 pos=(9, 11) state=IDLE batt=100% done=0
[R1] t=526 pos=(9, 2) state=IDLE batt=100% done=0
[R3] t=526 pos=(9, 8) state=IDLE batt=100% done=0
[R2] t=527 pos=(9, 5) state=IDLE batt=100% done=0
[R4] t=527 pos=(9, 11) state=IDLE batt=100% done=0
[R1] t=527 pos=(9, 2) state=IDLE batt=100% done=0
[R3] t=527 pos=(9, 8) state=IDLE batt=100% done=0
[R2] t=528 pos=(9, 5) state=IDLE batt=100% done=0
[R4] t=528 pos=(9, 11) state=IDLE batt=100% done=0
[R1] t=528 pos=(9, 2) state=IDLE batt=100% done=0
[R3] t=528 pos=(9, 8) state=IDLE batt=100% done=0
[R2] t=529 pos=(9, 5) state=IDLE batt=100% done=0
[R4] t=529 pos=(9, 11) state=IDLE batt=100% done=0
[R1] t=529 pos=(9, 2) state=IDLE batt=100% done=0
[R3] t=529 pos=(9, 8) state=IDLE batt=100% done=0
[R2] t=530 pos=(9, 5) state=IDLE batt=100% done=0
[R4] t=530 pos=(9, 11) state=IDLE batt=100% done=0
[R1] t=530 pos=(9, 2) state=IDLE batt=100% done=0
[R3] t=530 pos=(9, 8) state=IDLE batt=100% done=0
[R2] t=531 pos=(9, 5) state=IDLE batt=100% done=0
[R4] t=531 pos=(9, 11) state=IDLE batt=100% done=0
[R1] t=531 pos=(9, 2) state=IDLE batt=100% done=0
[R3] t=531 pos=(9, 8) state=IDLE batt=100% done=0
[R2] t=532 pos=(9, 5) state=IDLE batt=100% done=0
[R4] t=532 pos=(9, 11) state=IDLE batt=100% done=0
[R1] t=532 pos=(9, 2) state=IDLE batt=100% done=0
[R3] t=532 pos=(9, 8) state=IDLE batt=100% done=0
[R2] t=533 pos=(9, 5) state=IDLE batt=100% done=0
[R4] t=533 pos=(9, 11) state=IDLE batt=100% done=0
[R1] t=533 pos=(9, 2) state=IDLE batt=100% done=0
[R3] t=533 pos=(9, 8) state=IDLE batt=100% done=0
[R2] t=534 pos=(9, 5) state=IDLE batt=100% done=0
[R4] t=534 pos=(9, 11) state=IDLE batt=100% done=0
[R1] t=534 pos=(9, 2) state=IDLE batt=100% done=0
[R3] t=534 pos=(9, 8) state=IDLE batt=100% done=0
[R2] t=535 pos=(9, 5) state=IDLE batt=100% done=0
[R4] t=535 pos=(9, 11) state=IDLE batt=100% done=0
[R1] t=535 pos=(9, 2) state=IDLE batt=100% done=0
[R3] t=535 pos=(9, 8) state=IDLE batt=100% done=0
[R2] t=536 pos=(9, 5) state=IDLE batt=100% done=0
[R4] t=536 pos=(9, 11) state=IDLE batt=100% done=0
[R1] t=536 pos=(9, 2) state=IDLE batt=100% done=0
[R3] t=536 pos=(9, 8) state=IDLE batt=100% done=0
[R2] t=537 pos=(9, 5) state=IDLE batt=100% done=0
[R4] t=537 pos=(9, 11) state=IDLE batt=100% done=0
[R1] t=537 pos=(9, 2) state=IDLE batt=100% done=0
[R3] t=537 pos=(9, 8) state=IDLE batt=100% done=0
[R4] t=538 pos=(9, 11) state=IDLE batt=100% done=0
[R2] t=538 pos=(9, 5) state=IDLE batt=100% done=0
[R1] t=538 pos=(9, 2) state=IDLE batt=100% done=0
[R3] t=538 pos=(9, 8) state=IDLE batt=100% done=0
[R2] t=539 pos=(9, 5) state=IDLE batt=100% done=0
[R4] t=539 pos=(9, 11) state=IDLE batt=100% done=0
[R1] t=539 pos=(9, 2) state=IDLE batt=100% done=0
[R3] t=539 pos=(9, 8) state=IDLE batt=100% done=0
[R2] t=540 pos=(9, 5) state=IDLE batt=100% done=0
[R4] t=540 pos=(9, 11) state=IDLE batt=100% done=0
[R1] t=540 pos=(9, 2) state=IDLE batt=100% done=0
[R3] t=540 pos=(9, 8) state=IDLE batt=100% done=0
[R2] t=541 pos=(9, 5) state=IDLE batt=100% done=0
[R4] t=541 pos=(9, 11) state=IDLE batt=100% done=0
INFO:     127.0.0.1:58111 - "POST /api/spawn-batch HTTP/1.1" 200 OK
[R1] t=541 pos=(9, 2) state=IDLE batt=100% done=0
[R3] t=541 pos=(9, 8) state=IDLE batt=100% done=0
[R2] t=542 pos=(9, 5) state=IDLE batt=100% done=0
[R4] t=542 pos=(9, 11) state=IDLE batt=100% done=0
[R1] t=542 pos=(9, 2) state=IDLE batt=100% done=0
[R3] t=542 pos=(9, 8) state=IDLE batt=100% done=0
[R2] t=543 pos=(9, 5) state=IDLE batt=100% done=0
[R4] t=543 pos=(9, 11) state=IDLE batt=100% done=0
[R1] t=543 pos=(9, 2) state=IDLE batt=100% done=0
[R3] t=543 pos=(9, 8) state=IDLE batt=100% done=0
[R2] t=544 pos=(9, 5) state=IDLE batt=100% done=0
[R4] t=544 pos=(9, 11) state=IDLE batt=100% done=0
[R1] t=544 pos=(9, 2) state=EN_ROUTE_TO_PICKUP batt=100% done=0
[R3] t=544 pos=(9, 8) state=EN_ROUTE_TO_PICKUP batt=100% done=0
[R2] t=545 pos=(9, 5) state=EN_ROUTE_TO_PICKUP batt=100% done=0
[R4] t=545 pos=(9, 11) state=IDLE batt=100% done=0
[R1] t=545 pos=(8, 2) state=EN_ROUTE_TO_PICKUP batt=100% done=0
[R3] t=545 pos=(8, 8) state=EN_ROUTE_TO_PICKUP batt=100% done=0
[R2] t=546 pos=(8, 5) state=EN_ROUTE_TO_PICKUP batt=100% done=0
[R4] t=546 pos=(9, 11) state=IDLE batt=100% done=0
[R1] t=546 pos=(8, 2) state=EN_ROUTE_TO_DROPOFF batt=100% done=0
[R3] t=546 pos=(8, 8) state=EN_ROUTE_TO_DROPOFF batt=100% done=0
[R2] t=547 pos=(8, 5) state=EN_ROUTE_TO_DROPOFF batt=100% done=0
[R4] t=547 pos=(9, 11) state=IDLE batt=100% done=0
[R1] t=547 pos=(8, 1) state=EN_ROUTE_TO_DROPOFF batt=99% done=0
[R3] t=547 pos=(8, 9) state=EN_ROUTE_TO_DROPOFF batt=99% done=0
[R2] t=548 pos=(8, 6) state=EN_ROUTE_TO_DROPOFF batt=99% done=0
[R4] t=548 pos=(9, 11) state=IDLE batt=100% done=0
[R1] t=548 pos=(7, 1) state=EN_ROUTE_TO_DROPOFF batt=99% done=0
[R3] t=548 pos=(8, 10) state=EN_ROUTE_TO_DROPOFF batt=99% done=0
[R2] t=549 pos=(8, 7) state=EN_ROUTE_TO_DROPOFF batt=99% done=0
[R4] t=549 pos=(9, 11) state=IDLE batt=100% done=0
[R1] t=549 pos=(6, 1) state=EN_ROUTE_TO_DROPOFF batt=99% done=0
[DEBUG R3] t=549 Opportunistic replan failed or not better. Old len: 7, New len: 7
[R3] t=549 pos=(7, 10) state=EN_ROUTE_TO_DROPOFF batt=99% done=0
[R2] t=550 pos=(7, 7) state=EN_ROUTE_TO_DROPOFF batt=99% done=0
[R4] t=550 pos=(9, 11) state=IDLE batt=100% done=0
[R1] t=550 pos=(5, 1) state=EN_ROUTE_TO_DROPOFF batt=98% done=0
[R3] t=550 pos=(6, 10) state=EN_ROUTE_TO_DROPOFF batt=98% done=0
[R2] t=551 pos=(6, 7) state=EN_ROUTE_TO_DROPOFF batt=98% done=0
[R4] t=551 pos=(9, 11) state=IDLE batt=100% done=0
[R1] t=551 pos=(4, 1) state=EN_ROUTE_TO_DROPOFF batt=98% done=0
[R3] t=551 pos=(5, 10) state=EN_ROUTE_TO_DROPOFF batt=98% done=0
[R2] t=552 pos=(5, 7) state=EN_ROUTE_TO_DROPOFF batt=98% done=0
[R4] t=552 pos=(9, 11) state=IDLE batt=100% done=0
[R1] t=552 pos=(4, 2) state=EN_ROUTE_TO_DROPOFF batt=98% done=0
[DEBUG R3] t=552 Opportunistic replan failed or not better. Old len: 4, New len: 4
[R3] t=552 pos=(4, 10) state=EN_ROUTE_TO_DROPOFF batt=98% done=0
[R2] t=553 pos=(4, 7) state=EN_ROUTE_TO_DROPOFF batt=98% done=0
[R4] t=553 pos=(9, 11) state=IDLE batt=100% done=0
[R1] t=553 pos=(4, 2) state=IDLE batt=98% done=1
[R3] t=553 pos=(4, 11) state=EN_ROUTE_TO_DROPOFF batt=97% done=0
[R2] t=554 pos=(4, 7) state=IDLE batt=98% done=1
[R4] t=554 pos=(9, 11) state=IDLE batt=100% done=0
[R1] t=554 pos=(4, 2) state=IDLE batt=98% done=1
[R3] t=554 pos=(4, 12) state=EN_ROUTE_TO_DROPOFF batt=97% done=0
[R2] t=555 pos=(4, 7) state=IDLE batt=98% done=1
[R4] t=555 pos=(9, 11) state=IDLE batt=100% done=0
[R1] t=555 pos=(4, 2) state=IDLE batt=98% done=1
[R3] t=555 pos=(4, 12) state=IDLE batt=97% done=1
[R2] t=556 pos=(4, 7) state=IDLE batt=98% done=1
[R4] t=556 pos=(9, 11) state=IDLE batt=100% done=0
[R1] t=556 pos=(4, 2) state=IDLE batt=98% done=1
[R3] t=556 pos=(4, 12) state=IDLE batt=97% done=1
[R2] t=557 pos=(4, 7) state=IDLE batt=98% done=1
[R4] t=557 pos=(9, 11) state=IDLE batt=100% done=0
[R1] t=557 pos=(4, 2) state=IDLE batt=98% done=1
[R3] t=557 pos=(4, 12) state=IDLE batt=97% done=1
[R4] t=558 pos=(9, 11) state=IDLE batt=100% done=0
[R2] t=558 pos=(4, 7) state=IDLE batt=98% done=1
[R1] t=558 pos=(4, 2) state=IDLE batt=98% done=1
[R3] t=558 pos=(4, 12) state=IDLE batt=97% done=1
[R4] t=559 pos=(9, 11) state=IDLE batt=100% done=0
[R2] t=559 pos=(4, 7) state=IDLE batt=98% done=1
[R1] t=559 pos=(4, 2) state=IDLE batt=98% done=1
[R3] t=559 pos=(4, 12) state=IDLE batt=97% done=1
[R4] t=560 pos=(9, 11) state=IDLE batt=100% done=0
[R2] t=560 pos=(4, 7) state=IDLE batt=98% done=1
[R1] t=560 pos=(4, 2) state=IDLE batt=98% done=1
[R3] t=560 pos=(4, 12) state=IDLE batt=97% done=1
INFO:     127.0.0.1:58113 - "POST /api/spawn-batch HTTP/1.1" 200 OK
[R2] t=561 pos=(4, 7) state=IDLE batt=98% done=1
[R4] t=561 pos=(9, 11) state=IDLE batt=100% done=0
[R1] t=561 pos=(4, 2) state=IDLE batt=98% done=1
[R3] t=561 pos=(4, 12) state=IDLE batt=97% done=1
[R2] t=562 pos=(4, 7) state=IDLE batt=98% done=1
[R4] t=562 pos=(9, 11) state=IDLE batt=100% done=0
[R1] t=562 pos=(4, 2) state=IDLE batt=98% done=1
[R3] t=562 pos=(4, 12) state=IDLE batt=97% done=1
[R2] t=563 pos=(4, 7) state=IDLE batt=98% done=1
[R4] t=563 pos=(9, 11) state=IDLE batt=100% done=0
[R1] t=563 pos=(4, 2) state=IDLE batt=98% done=1
[R3] t=563 pos=(4, 12) state=IDLE batt=97% done=1
[R2] t=564 pos=(4, 7) state=IDLE batt=98% done=1
[R4] t=564 pos=(9, 11) state=IDLE batt=100% done=0
[R1] t=564 pos=(4, 2) state=EN_ROUTE_TO_PICKUP batt=98% done=1
[R3] t=564 pos=(4, 12) state=EN_ROUTE_TO_PICKUP batt=97% done=1
[R2] t=565 pos=(4, 7) state=IDLE batt=98% done=1
[R4] t=565 pos=(9, 11) state=IDLE batt=100% done=0
[R1] t=565 pos=(4, 1) state=EN_ROUTE_TO_PICKUP batt=97% done=1
[R3] t=565 pos=(4, 13) state=EN_ROUTE_TO_PICKUP batt=97% done=1
[R2] t=566 pos=(4, 7) state=IDLE batt=98% done=1
[R4] t=566 pos=(9, 11) state=IDLE batt=100% done=0
[R1] t=566 pos=(4, 1) state=EN_ROUTE_TO_DROPOFF batt=97% done=1
[R3] t=566 pos=(4, 13) state=EN_ROUTE_TO_DROPOFF batt=97% done=1
[R2] t=567 pos=(4, 7) state=IDLE batt=98% done=1
[R4] t=567 pos=(9, 11) state=IDLE batt=100% done=0
[R1] t=567 pos=(4, 2) state=EN_ROUTE_TO_DROPOFF batt=97% done=1
[DEBUG R3] t=567 Opportunistic replan failed or not better. Old len: 12, New len: 12
[R3] t=567 pos=(4, 12) state=EN_ROUTE_TO_DROPOFF batt=96% done=1
[R2] t=568 pos=(4, 7) state=IDLE batt=98% done=1
[R4] t=568 pos=(9, 11) state=IDLE batt=100% done=0
[R3] t=568 pos=(4, 11) state=EN_ROUTE_TO_DROPOFF batt=96% done=1
[R1] t=568 pos=(4, 3) state=EN_ROUTE_TO_DROPOFF batt=97% done=1
[R2] t=569 pos=(4, 7) state=IDLE batt=98% done=1
[R4] t=569 pos=(9, 11) state=IDLE batt=100% done=0
[R3] t=569 pos=(4, 10) state=EN_ROUTE_TO_DROPOFF batt=95% done=1
[R1] t=569 pos=(4, 4) state=EN_ROUTE_TO_DROPOFF batt=96% done=1
[R2] t=570 pos=(4, 7) state=IDLE batt=98% done=1
[R4] t=570 pos=(9, 11) state=IDLE batt=100% done=0
[DEBUG R3] t=570 Opportunistic replan failed or not better. Old len: 9, New len: 9
[R3] t=570 pos=(4, 9) state=EN_ROUTE_TO_DROPOFF batt=95% done=1
[R1] t=570 pos=(4, 5) state=EN_ROUTE_TO_DROPOFF batt=96% done=1
[R2] t=571 pos=(4, 7) state=IDLE batt=98% done=1
[R4] t=571 pos=(9, 11) state=IDLE batt=100% done=0
[R3] t=571 pos=(4, 8) state=EN_ROUTE_TO_DROPOFF batt=95% done=1
[R1] t=571 pos=(4, 6) state=EN_ROUTE_TO_DROPOFF batt=95% done=1
[R2] t=572 pos=(4, 7) state=IDLE batt=98% done=1
[R4] t=572 pos=(9, 11) state=IDLE batt=100% done=0
[R3] t=572 pos=(4, 8) state=EN_ROUTE_TO_DROPOFF batt=94% done=1
[R1] t=572 pos=(4, 6) state=EN_ROUTE_TO_DROPOFF batt=95% done=1
[R2] t=573 pos=(4, 7) state=IDLE batt=98% done=1
[R4] t=573 pos=(9, 11) state=IDLE batt=100% done=0
[R1] t=573 pos=(4, 6) state=EN_ROUTE_TO_DROPOFF batt=95% done=1
[DEBUG R3] t=573 Opportunistic replan failed or not better. Old len: 6, New len: 8
[R3] t=573 pos=(4, 8) state=EN_ROUTE_TO_DROPOFF batt=94% done=1
[R2] t=574 pos=(4, 7) state=IDLE batt=98% done=1
[R4] t=574 pos=(9, 11) state=IDLE batt=100% done=0
[R1] t=574 pos=(4, 6) state=EN_ROUTE_TO_DROPOFF batt=94% done=1
[R3] t=574 pos=(4, 8) state=EN_ROUTE_TO_DROPOFF batt=94% done=1
[R2] t=575 pos=(4, 7) state=IDLE batt=98% done=1
[R4] t=575 pos=(9, 11) state=IDLE batt=100% done=0
[R1] t=575 pos=(4, 6) state=EN_ROUTE_TO_DROPOFF batt=94% done=1
[R3] t=575 pos=(4, 8) state=EN_ROUTE_TO_DROPOFF batt=93% done=1
[R2] t=576 pos=(4, 7) state=IDLE batt=98% done=1
[R4] t=576 pos=(9, 11) state=IDLE batt=100% done=0
[R1] t=576 pos=(4, 6) state=EN_ROUTE_TO_DROPOFF batt=94% done=1
[DEBUG R3] t=576 Opportunistic replan failed or not better. Old len: 3, New len: 8
[R3] t=576 pos=(4, 8) state=EN_ROUTE_TO_DROPOFF batt=93% done=1
[R2] t=577 pos=(4, 7) state=IDLE batt=98% done=1
[R4] t=577 pos=(9, 11) state=IDLE batt=100% done=0
[R1] t=577 pos=(4, 6) state=EN_ROUTE_TO_DROPOFF batt=94% done=1
[R3] t=577 pos=(4, 8) state=EN_ROUTE_TO_DROPOFF batt=93% done=1
[R2] t=578 pos=(5, 7) state=IDLE batt=98% done=1
[R4] t=578 pos=(9, 11) state=IDLE batt=100% done=0
[R1] t=578 pos=(4, 7) state=EN_ROUTE_TO_DROPOFF batt=94% done=1
[R3] t=578 pos=(4, 8) state=EN_ROUTE_TO_DROPOFF batt=93% done=1
[R2] t=579 pos=(5, 7) state=IDLE batt=98% done=1
[R4] t=579 pos=(9, 11) state=IDLE batt=100% done=0
[R1] t=579 pos=(4, 7) state=EN_ROUTE_TO_DROPOFF batt=94% done=1
[R3] t=579 pos=(4, 8) state=EN_ROUTE_TO_DROPOFF batt=93% done=1
[R4] t=580 pos=(9, 11) state=IDLE batt=100% done=0
[R2] t=580 pos=(5, 7) state=IDLE batt=98% done=1
[R1] t=580 pos=(4, 7) state=EN_ROUTE_TO_DROPOFF batt=94% done=1
[R3] t=580 pos=(4, 8) state=EN_ROUTE_TO_DROPOFF batt=93% done=1
[R4] t=581 pos=(9, 11) state=IDLE batt=100% done=0
[R2] t=581 pos=(5, 7) state=IDLE batt=98% done=1
[R1] t=581 pos=(4, 7) state=EN_ROUTE_TO_DROPOFF batt=94% done=1
[R3] t=581 pos=(4, 8) state=EN_ROUTE_TO_DROPOFF batt=93% done=1
[R4] t=582 pos=(9, 11) state=IDLE batt=100% done=0
[R2] t=582 pos=(5, 7) state=IDLE batt=98% done=1
[R1] t=582 pos=(4, 7) state=EN_ROUTE_TO_DROPOFF batt=94% done=1
[R3] t=582 pos=(4, 8) state=EN_ROUTE_TO_DROPOFF batt=93% done=1
[R4] t=583 pos=(9, 11) state=IDLE batt=100% done=0
[R2] t=583 pos=(5, 7) state=IDLE batt=98% done=1
[R1] t=583 pos=(4, 7) state=EN_ROUTE_TO_DROPOFF batt=94% done=1
[R3] t=583 pos=(4, 8) state=EN_ROUTE_TO_DROPOFF batt=93% done=1
[R4] t=584 pos=(9, 11) state=IDLE batt=100% done=0
[R2] t=584 pos=(5, 7) state=IDLE batt=98% done=1
[R1] t=584 pos=(4, 7) state=EN_ROUTE_TO_DROPOFF batt=94% done=1
[R3] t=584 pos=(4, 8) state=EN_ROUTE_TO_DROPOFF batt=93% done=1
[R4] t=585 pos=(9, 11) state=IDLE batt=100% done=0
[R2] t=585 pos=(5, 7) state=IDLE batt=98% done=1
[R1] t=585 pos=(4, 7) state=EN_ROUTE_TO_DROPOFF batt=94% done=1
[R3] t=585 pos=(4, 8) state=EN_ROUTE_TO_DROPOFF batt=93% done=1
[R4] t=586 pos=(9, 11) state=IDLE batt=100% done=0
[R2] t=586 pos=(5, 7) state=IDLE batt=98% done=1
[R1] t=586 pos=(4, 7) state=EN_ROUTE_TO_DROPOFF batt=94% done=1
[R3] t=586 pos=(4, 8) state=EN_ROUTE_TO_DROPOFF batt=93% done=1
[R4] t=587 pos=(9, 11) state=IDLE batt=100% done=0
[R2] t=587 pos=(5, 7) state=IDLE batt=98% done=1
[R1] t=587 pos=(4, 7) state=EN_ROUTE_TO_DROPOFF batt=94% done=1
[R3] t=587 pos=(4, 8) state=EN_ROUTE_TO_DROPOFF batt=93% done=1
[R4] t=588 pos=(9, 11) state=IDLE batt=100% done=0
[R2] t=588 pos=(5, 7) state=IDLE batt=98% done=1
[R1] t=588 pos=(4, 7) state=EN_ROUTE_TO_DROPOFF batt=94% done=1
[R3] t=588 pos=(4, 8) state=EN_ROUTE_TO_DROPOFF batt=93% done=1
[R4] t=589 pos=(9, 11) state=IDLE batt=100% done=0
[R2] t=589 pos=(5, 7) state=IDLE batt=98% done=1
[R1] t=589 pos=(4, 7) state=EN_ROUTE_TO_DROPOFF batt=94% done=1
[R3] t=589 pos=(4, 8) state=EN_ROUTE_TO_DROPOFF batt=93% done=1
[R4] t=590 pos=(9, 11) state=IDLE batt=100% done=0
[R2] t=590 pos=(5, 7) state=IDLE batt=98% done=1
[R1] t=590 pos=(4, 7) state=EN_ROUTE_TO_DROPOFF batt=94% done=1
[R3] t=590 pos=(4, 8) state=EN_ROUTE_TO_DROPOFF batt=93% done=1
[R4] t=591 pos=(9, 11) state=IDLE batt=100% done=0
[R2] t=591 pos=(5, 7) state=IDLE batt=98% done=1
[R3] t=591 pos=(4, 8) state=EN_ROUTE_TO_DROPOFF batt=93% done=1
[R1] t=591 pos=(4, 7) state=EN_ROUTE_TO_DROPOFF batt=94% done=1
[R4] t=592 pos=(9, 11) state=IDLE batt=100% done=0
[R2] t=592 pos=(5, 7) state=IDLE batt=98% done=1
[R1] t=592 pos=(4, 7) state=EN_ROUTE_TO_DROPOFF batt=94% done=1
[R3] t=592 pos=(4, 8) state=EN_ROUTE_TO_DROPOFF batt=93% done=1
[R4] t=593 pos=(9, 11) state=IDLE batt=100% done=0
[R2] t=593 pos=(5, 7) state=IDLE batt=98% done=1
[R3] t=593 pos=(4, 8) state=EN_ROUTE_TO_DROPOFF batt=93% done=1
[R1] t=593 pos=(4, 7) state=EN_ROUTE_TO_DROPOFF batt=94% done=1
[R4] t=594 pos=(9, 11) state=IDLE batt=100% done=0
[R2] t=594 pos=(5, 7) state=IDLE batt=98% done=1
[R1] t=594 pos=(4, 7) state=EN_ROUTE_TO_DROPOFF batt=94% done=1
[R3] t=594 pos=(4, 8) state=EN_ROUTE_TO_DROPOFF batt=93% done=1
[R4] t=595 pos=(9, 11) state=IDLE batt=100% done=0
[R2] t=595 pos=(5, 7) state=IDLE batt=98% done=1
[R1] t=595 pos=(4, 7) state=EN_ROUTE_TO_DROPOFF batt=94% done=1
[R3] t=595 pos=(4, 8) state=EN_ROUTE_TO_DROPOFF batt=93% done=1
[R4] t=596 pos=(9, 11) state=IDLE batt=100% done=0
[R2] t=596 pos=(5, 7) state=IDLE batt=98% done=1
[R1] t=596 pos=(4, 7) state=EN_ROUTE_TO_DROPOFF batt=94% done=1
[R3] t=596 pos=(4, 8) state=EN_ROUTE_TO_DROPOFF batt=93% done=1
[R4] t=597 pos=(9, 11) state=IDLE batt=100% done=0
[R2] t=597 pos=(5, 7) state=IDLE batt=98% done=1
[R3] t=597 pos=(4, 8) state=EN_ROUTE_TO_DROPOFF batt=93% done=1
[R1] t=597 pos=(4, 7) state=EN_ROUTE_TO_DROPOFF batt=94% done=1
[R4] t=598 pos=(9, 11) state=IDLE batt=100% done=0
[R2] t=598 pos=(5, 7) state=IDLE batt=98% done=1
[R1] t=598 pos=(4, 7) state=EN_ROUTE_TO_DROPOFF batt=94% done=1
[R3] t=598 pos=(4, 8) state=EN_ROUTE_TO_DROPOFF batt=93% done=1
[R4] t=599 pos=(9, 11) state=IDLE batt=100% done=0
[R2] t=599 pos=(5, 7) state=IDLE batt=98% done=1
[R1] t=599 pos=(4, 7) state=EN_ROUTE_TO_DROPOFF batt=94% done=1
[R3] t=599 pos=(4, 8) state=EN_ROUTE_TO_DROPOFF batt=93% done=1
[R4] t=600 pos=(9, 11) state=IDLE batt=100% done=0
[R2] t=600 pos=(5, 7) state=IDLE batt=98% done=1
[R1] t=600 pos=(4, 7) state=EN_ROUTE_TO_DROPOFF batt=94% done=1
[DEBUG R3] t=600 Opportunistic replan failed or not better. Old len: 19, New len: 19
[R3] t=600 pos=(4, 9) state=EN_ROUTE_TO_DROPOFF batt=93% done=1
[R4] t=601 pos=(9, 11) state=IDLE batt=100% done=0
[R2] t=601 pos=(5, 7) state=IDLE batt=98% done=1
[R1] t=601 pos=(4, 8) state=EN_ROUTE_TO_DROPOFF batt=93% done=1
[R3] t=601 pos=(4, 10) state=EN_ROUTE_TO_DROPOFF batt=93% done=1
[R4] t=602 pos=(9, 11) state=IDLE batt=100% done=0
[R2] t=602 pos=(5, 7) state=IDLE batt=98% done=1
[R1] t=602 pos=(4, 9) state=EN_ROUTE_TO_DROPOFF batt=93% done=1
[R3] t=602 pos=(3, 10) state=EN_ROUTE_TO_DROPOFF batt=92% done=1
[R2] t=603 pos=(5, 7) state=IDLE batt=98% done=1
[R4] t=603 pos=(9, 11) state=IDLE batt=100% done=0
[R1] t=603 pos=(4, 10) state=EN_ROUTE_TO_DROPOFF batt=93% done=1
[DEBUG R3] t=603 ADOPTED NEW PATH! Old len: 16, New len: 6
[R3] t=603 pos=(3, 10) state=EN_ROUTE_TO_DROPOFF batt=92% done=1
[R2] t=604 pos=(5, 7) state=IDLE batt=98% done=1
[R4] t=604 pos=(9, 11) state=IDLE batt=100% done=0
[R3] t=604 pos=(3, 10) state=EN_ROUTE_TO_DROPOFF batt=92% done=1
[R1] t=604 pos=(4, 11) state=EN_ROUTE_TO_DROPOFF batt=92% done=1
[R2] t=605 pos=(5, 7) state=IDLE batt=98% done=1
[R4] t=605 pos=(9, 11) state=IDLE batt=100% done=0
[R3] t=605 pos=(4, 10) state=EN_ROUTE_TO_DROPOFF batt=92% done=1
[R1] t=605 pos=(4, 11) state=IDLE batt=92% done=2
[R4] t=606 pos=(9, 11) state=IDLE batt=100% done=0
[R2] t=606 pos=(5, 7) state=IDLE batt=98% done=1
[DEBUG R3] t=606 Opportunistic replan failed or not better. Old len: 5, New len: 5
[R3] t=606 pos=(4, 9) state=EN_ROUTE_TO_DROPOFF batt=92% done=1
[R1] t=606 pos=(4, 11) state=IDLE batt=92% done=2
[R4] t=607 pos=(9, 11) state=IDLE batt=100% done=0
[R2] t=607 pos=(5, 7) state=IDLE batt=98% done=1
[R3] t=607 pos=(4, 8) state=EN_ROUTE_TO_DROPOFF batt=91% done=1
[R1] t=607 pos=(4, 11) state=IDLE batt=92% done=2
[R4] t=608 pos=(9, 11) state=IDLE batt=100% done=0
[R2] t=608 pos=(5, 7) state=IDLE batt=98% done=1
[R3] t=608 pos=(4, 7) state=EN_ROUTE_TO_DROPOFF batt=91% done=1
[R1] t=608 pos=(4, 11) state=IDLE batt=92% done=2
[R4] t=609 pos=(9, 11) state=IDLE batt=100% done=0
[R2] t=609 pos=(5, 7) state=IDLE batt=98% done=1
[DEBUG R3] t=609 Opportunistic replan failed or not better. Old len: 2, New len: 2
[R3] t=609 pos=(4, 6) state=EN_ROUTE_TO_DROPOFF batt=91% done=1
[R1] t=609 pos=(4, 11) state=IDLE batt=92% done=2
[R4] t=610 pos=(9, 11) state=IDLE batt=100% done=0
[R2] t=610 pos=(5, 7) state=IDLE batt=98% done=1
[R3] t=610 pos=(4, 6) state=IDLE batt=91% done=2
[R1] t=610 pos=(4, 11) state=IDLE batt=92% done=2
[R4] t=611 pos=(9, 11) state=IDLE batt=100% done=0
[R2] t=611 pos=(5, 7) state=IDLE batt=98% done=1
[R1] t=611 pos=(4, 11) state=IDLE batt=92% done=2
[R3] t=611 pos=(4, 6) state=IDLE batt=91% done=2
[R4] t=612 pos=(9, 11) state=IDLE batt=100% done=0
[R2] t=612 pos=(5, 7) state=IDLE batt=98% done=1
[R1] t=612 pos=(4, 11) state=IDLE batt=92% done=2
[R3] t=612 pos=(4, 6) state=IDLE batt=91% done=2
[R4] t=613 pos=(9, 11) state=IDLE batt=100% done=0
[R2] t=613 pos=(5, 7) state=IDLE batt=98% done=1
[R1] t=613 pos=(4, 11) state=IDLE batt=92% done=2
[R3] t=613 pos=(4, 6) state=IDLE batt=91% done=2
[R4] t=614 pos=(9, 11) state=IDLE batt=100% done=0
[R2] t=614 pos=(5, 7) state=IDLE batt=98% done=1
[R1] t=614 pos=(4, 11) state=IDLE batt=92% done=2
[R3] t=614 pos=(4, 6) state=IDLE batt=91% done=2
[R4] t=615 pos=(9, 11) state=IDLE batt=100% done=0
[R2] t=615 pos=(5, 7) state=IDLE batt=98% done=1
[R3] t=615 pos=(4, 6) state=IDLE batt=91% done=2
[R1] t=615 pos=(4, 11) state=IDLE batt=92% done=2
[R2] t=616 pos=(5, 7) state=IDLE batt=98% done=1
[R4] t=616 pos=(9, 11) state=IDLE batt=100% done=0
[R3] t=616 pos=(4, 6) state=IDLE batt=91% done=2
[R1] t=616 pos=(4, 11) state=IDLE batt=92% done=2
[R2] t=617 pos=(5, 7) state=IDLE batt=98% done=1
[R4] t=617 pos=(9, 11) state=IDLE batt=100% done=0
[R3] t=617 pos=(4, 6) state=IDLE batt=91% done=2
[R1] t=617 pos=(4, 11) state=IDLE batt=92% done=2
[R4] t=618 pos=(9, 11) state=IDLE batt=100% done=0
[R2] t=618 pos=(5, 7) state=IDLE batt=98% done=1
[R3] t=618 pos=(4, 6) state=IDLE batt=91% done=2
[R1] t=618 pos=(4, 11) state=IDLE batt=92% done=2
[R2] t=619 pos=(5, 7) state=IDLE batt=98% done=1
[R4] t=619 pos=(9, 11) state=IDLE batt=100% done=0
[R1] t=619 pos=(4, 11) state=IDLE batt=92% done=2
[R3] t=619 pos=(4, 6) state=IDLE batt=91% done=2
[R2] t=620 pos=(5, 7) state=IDLE batt=98% done=1
[R4] t=620 pos=(9, 11) state=IDLE batt=100% done=0
[R1] t=620 pos=(4, 11) state=IDLE batt=92% done=2
[R3] t=620 pos=(4, 6) state=IDLE batt=91% done=2
[R2] t=621 pos=(5, 7) state=IDLE batt=98% done=1
[R4] t=621 pos=(9, 11) state=IDLE batt=100% done=0
[R3] t=621 pos=(4, 6) state=IDLE batt=91% done=2
[R1] t=621 pos=(4, 11) state=IDLE batt=92% done=2
[R2] t=622 pos=(5, 7) state=IDLE batt=98% done=1
[R4] t=622 pos=(9, 11) state=IDLE batt=100% done=0
[R3] t=622 pos=(4, 6) state=IDLE batt=91% done=2
[R1] t=622 pos=(4, 11) state=IDLE batt=92% done=2
[R2] t=623 pos=(5, 7) state=IDLE batt=98% done=1
[R4] t=623 pos=(9, 11) state=IDLE batt=100% done=0
[R3] t=623 pos=(4, 6) state=IDLE batt=91% done=2
[R1] t=623 pos=(4, 11) state=IDLE batt=92% done=2
[R2] t=624 pos=(5, 7) state=IDLE batt=98% done=1
[R4] t=624 pos=(9, 11) state=IDLE batt=100% done=0
[R1] t=624 pos=(4, 11) state=IDLE batt=92% done=2
[R3] t=624 pos=(4, 6) state=IDLE batt=91% done=2
[R2] t=625 pos=(5, 7) state=IDLE batt=98% done=1
[R4] t=625 pos=(9, 11) state=IDLE batt=100% done=0
[R3] t=625 pos=(4, 6) state=IDLE batt=91% done=2
[R1] t=625 pos=(4, 11) state=IDLE batt=92% done=2
[R2] t=626 pos=(5, 7) state=IDLE batt=98% done=1
[R4] t=626 pos=(9, 11) state=IDLE batt=100% done=0
[R3] t=626 pos=(4, 6) state=IDLE batt=91% done=2
[R1] t=626 pos=(4, 11) state=IDLE batt=92% done=2
[R2] t=627 pos=(5, 7) state=IDLE batt=98% done=1
[R4] t=627 pos=(9, 11) state=IDLE batt=100% done=0
[R3] t=627 pos=(4, 6) state=IDLE batt=91% done=2
[R1] t=627 pos=(4, 11) state=IDLE batt=92% done=2
[R2] t=628 pos=(5, 7) state=IDLE batt=98% done=1
[R4] t=628 pos=(9, 11) state=IDLE batt=100% done=0
[R3] t=628 pos=(4, 6) state=IDLE batt=91% done=2
[R1] t=628 pos=(4, 11) state=IDLE batt=92% done=2
[R4] t=629 pos=(9, 11) state=IDLE batt=100% done=0
[R2] t=629 pos=(5, 7) state=IDLE batt=98% done=1
[R3] t=629 pos=(4, 6) state=IDLE batt=91% done=2
[R1] t=629 pos=(4, 11) state=IDLE batt=92% done=2
[R4] t=630 pos=(9, 11) state=IDLE batt=100% done=0
[R2] t=630 pos=(5, 7) state=IDLE batt=98% done=1
[R3] t=630 pos=(4, 6) state=IDLE batt=91% done=2
[R1] t=630 pos=(4, 11) state=IDLE batt=92% done=2
[R4] t=631 pos=(9, 11) state=IDLE batt=100% done=0
[R2] t=631 pos=(5, 7) state=IDLE batt=98% done=1
[R3] t=631 pos=(4, 6) state=IDLE batt=91% done=2
[R1] t=631 pos=(4, 11) state=IDLE batt=92% done=2
[R2] t=632 pos=(5, 7) state=IDLE batt=98% done=1
[R4] t=632 pos=(9, 11) state=IDLE batt=100% done=0
[R3] t=632 pos=(4, 6) state=IDLE batt=91% done=2
[R1] t=632 pos=(4, 11) state=IDLE batt=92% done=2
[R4] t=633 pos=(9, 11) state=IDLE batt=100% done=0
[R2] t=633 pos=(5, 7) state=IDLE batt=98% done=1
[R3] t=633 pos=(4, 6) state=IDLE batt=91% done=2
[R1] t=633 pos=(4, 11) state=IDLE batt=92% done=2
[R2] t=634 pos=(5, 7) state=IDLE batt=98% done=1
[R4] t=634 pos=(9, 11) state=IDLE batt=100% done=0
[R3] t=634 pos=(4, 6) state=IDLE batt=91% done=2
[R1] t=634 pos=(4, 11) state=IDLE batt=92% done=2
[R2] t=635 pos=(5, 7) state=IDLE batt=98% done=1
[R4] t=635 pos=(9, 11) state=IDLE batt=100% done=0
[R3] t=635 pos=(4, 6) state=IDLE batt=91% done=2
[R1] t=635 pos=(4, 11) state=IDLE batt=92% done=2
[R4] t=636 pos=(9, 11) state=IDLE batt=100% done=0
[R2] t=636 pos=(5, 7) state=IDLE batt=98% done=1
[R3] t=636 pos=(4, 6) state=IDLE batt=91% done=2
[R1] t=636 pos=(4, 11) state=IDLE batt=92% done=2
[R4] t=637 pos=(9, 11) state=IDLE batt=100% done=0
[R2] t=637 pos=(5, 7) state=IDLE batt=98% done=1
[R3] t=637 pos=(4, 6) state=IDLE batt=91% done=2
[R1] t=637 pos=(4, 11) state=IDLE batt=92% done=2
[R4] t=638 pos=(9, 11) state=IDLE batt=100% done=0
[R2] t=638 pos=(5, 7) state=IDLE batt=98% done=1
[R3] t=638 pos=(4, 6) state=IDLE batt=91% done=2
[R1] t=638 pos=(4, 11) state=IDLE batt=92% done=2
[R4] t=639 pos=(9, 11) state=IDLE batt=100% done=0
[R2] t=639 pos=(5, 7) state=IDLE batt=98% done=1
[R3] t=639 pos=(4, 6) state=IDLE batt=91% done=2
[R1] t=639 pos=(4, 11) state=IDLE batt=92% done=2
[R4] t=640 pos=(9, 11) state=IDLE batt=100% done=0
[R2] t=640 pos=(5, 7) state=IDLE batt=98% done=1
[R3] t=640 pos=(4, 6) state=IDLE batt=91% done=2
[R1] t=640 pos=(4, 11) state=IDLE batt=92% done=2
[R4] t=641 pos=(9, 11) state=IDLE batt=100% done=0
[R2] t=641 pos=(5, 7) state=IDLE batt=98% done=1
[R3] t=641 pos=(4, 6) state=IDLE batt=91% done=2
[R1] t=641 pos=(4, 11) state=IDLE batt=92% done=2
[R4] t=642 pos=(9, 11) state=IDLE batt=100% done=0
[R2] t=642 pos=(5, 7) state=IDLE batt=98% done=1
[R3] t=642 pos=(4, 6) state=IDLE batt=91% done=2
[R1] t=642 pos=(4, 11) state=IDLE batt=92% done=2
[R4] t=643 pos=(9, 11) state=IDLE batt=100% done=0
[R2] t=643 pos=(5, 7) state=IDLE batt=98% done=1
[R3] t=643 pos=(4, 6) state=IDLE batt=91% done=2
[R1] t=643 pos=(4, 11) state=IDLE batt=92% done=2
[R4] t=644 pos=(9, 11) state=IDLE batt=100% done=0
[R2] t=644 pos=(5, 7) state=IDLE batt=98% done=1
[R3] t=644 pos=(4, 6) state=IDLE batt=91% done=2
[R1] t=644 pos=(4, 11) state=IDLE batt=92% done=2
[R4] t=645 pos=(9, 11) state=IDLE batt=100% done=0
[R2] t=645 pos=(5, 7) state=IDLE batt=98% done=1
[R3] t=645 pos=(4, 6) state=IDLE batt=91% done=2
[R1] t=645 pos=(4, 11) state=IDLE batt=92% done=2
[R4] t=646 pos=(9, 11) state=IDLE batt=100% done=0
[R2] t=646 pos=(5, 7) state=IDLE batt=98% done=1
[R3] t=646 pos=(4, 6) state=IDLE batt=91% done=2
[R1] t=646 pos=(4, 11) state=IDLE batt=92% done=2
INFO:     127.0.0.1:58116 - "POST /api/reset HTTP/1.1" 200 OK
[R4] t=647 pos=(9, 11) state=IDLE batt=100% done=0
[R2] t=647 pos=(9, 5) state=IDLE batt=100% done=0
[R3] t=647 pos=(9, 8) state=IDLE batt=100% done=0
[R1] t=647 pos=(9, 2) state=IDLE batt=100% done=0
[R4] t=648 pos=(9, 11) state=IDLE batt=100% done=0
[R2] t=648 pos=(9, 5) state=IDLE batt=100% done=0
[R3] t=648 pos=(9, 8) state=IDLE batt=100% done=0
[R1] t=648 pos=(9, 2) state=IDLE batt=100% done=0
[R4] t=649 pos=(9, 11) state=IDLE batt=100% done=0
[R2] t=649 pos=(9, 5) state=IDLE batt=100% done=0
[R1] t=649 pos=(9, 2) state=IDLE batt=100% done=0
[R3] t=649 pos=(9, 8) state=IDLE batt=100% done=0
[R4] t=650 pos=(9, 11) state=IDLE batt=100% done=0
[R2] t=650 pos=(9, 5) state=IDLE batt=100% done=0
[R1] t=650 pos=(9, 2) state=IDLE batt=100% done=0
[R3] t=650 pos=(9, 8) state=IDLE batt=100% done=0
[R2] t=651 pos=(9, 5) state=IDLE batt=100% done=0
[R4] t=651 pos=(9, 11) state=IDLE batt=100% done=0
[R1] t=651 pos=(9, 2) state=IDLE batt=100% done=0
[R3] t=651 pos=(9, 8) state=IDLE batt=100% done=0
[R2] t=652 pos=(9, 5) state=IDLE batt=100% done=0
[R4] t=652 pos=(9, 11) state=IDLE batt=100% done=0
[R3] t=652 pos=(9, 8) state=IDLE batt=100% done=0
[R1] t=652 pos=(9, 2) state=IDLE batt=100% done=0
[R2] t=653 pos=(9, 5) state=IDLE batt=100% done=0
[R4] t=653 pos=(9, 11) state=IDLE batt=100% done=0
[R1] t=653 pos=(9, 2) state=IDLE batt=100% done=0
[R3] t=653 pos=(9, 8) state=IDLE batt=100% done=0
[R4] t=654 pos=(9, 11) state=IDLE batt=100% done=0
[R2] t=654 pos=(9, 5) state=IDLE batt=100% done=0
[R3] t=654 pos=(9, 8) state=IDLE batt=100% done=0
[R1] t=654 pos=(9, 2) state=IDLE batt=100% done=0
[R4] t=655 pos=(9, 11) state=IDLE batt=100% done=0
[R2] t=655 pos=(9, 5) state=IDLE batt=100% done=0
[R3] t=655 pos=(9, 8) state=IDLE batt=100% done=0
[R1] t=655 pos=(9, 2) state=IDLE batt=100% done=0
[R4] t=656 pos=(9, 11) state=IDLE batt=100% done=0
[R2] t=656 pos=(9, 5) state=IDLE batt=100% done=0
[R1] t=656 pos=(9, 2) state=IDLE batt=100% done=0
[R3] t=656 pos=(9, 8) state=IDLE batt=100% done=0
[R4] t=657 pos=(9, 11) state=IDLE batt=100% done=0
[R2] t=657 pos=(9, 5) state=IDLE batt=100% done=0
[R1] t=657 pos=(9, 2) state=IDLE batt=100% done=0
[R3] t=657 pos=(9, 8) state=IDLE batt=100% done=0
[R4] t=658 pos=(9, 11) state=IDLE batt=100% done=0
[R2] t=658 pos=(9, 5) state=IDLE batt=100% done=0
[R3] t=658 pos=(9, 8) state=IDLE batt=100% done=0
[R1] t=658 pos=(9, 2) state=IDLE batt=100% done=0
[R4] t=659 pos=(9, 11) state=IDLE batt=100% done=0
[R2] t=659 pos=(9, 5) state=IDLE batt=100% done=0
[R3] t=659 pos=(9, 8) state=IDLE batt=100% done=0
[R1] t=659 pos=(9, 2) state=IDLE batt=100% done=0
[R4] t=660 pos=(9, 11) state=IDLE batt=100% done=0
[R2] t=660 pos=(9, 5) state=IDLE batt=100% done=0
[R1] t=660 pos=(9, 2) state=IDLE batt=100% done=0
[R3] t=660 pos=(9, 8) state=IDLE batt=100% done=0
[R4] t=661 pos=(9, 11) state=IDLE batt=100% done=0
[R2] t=661 pos=(9, 5) state=IDLE batt=100% done=0
[R1] t=661 pos=(9, 2) state=IDLE batt=100% done=0
[R3] t=661 pos=(9, 8) state=IDLE batt=100% done=0
[R4] t=662 pos=(9, 11) state=IDLE batt=100% done=0
[R2] t=662 pos=(9, 5) state=IDLE batt=100% done=0
[R1] t=662 pos=(9, 2) state=IDLE batt=100% done=0
[R3] t=662 pos=(9, 8) state=IDLE batt=100% done=0
[R4] t=663 pos=(9, 11) state=IDLE batt=100% done=0
[R2] t=663 pos=(9, 5) state=IDLE batt=100% done=0
[R1] t=663 pos=(9, 2) state=IDLE batt=100% done=0
[R3] t=663 pos=(9, 8) state=IDLE batt=100% done=0
[R4] t=664 pos=(9, 11) state=IDLE batt=100% done=0
[R2] t=664 pos=(9, 5) state=IDLE batt=100% done=0
[R1] t=664 pos=(9, 2) state=IDLE batt=100% done=0
[R3] t=664 pos=(9, 8) state=IDLE batt=100% done=0
[R4] t=665 pos=(9, 11) state=IDLE batt=100% done=0
[R2] t=665 pos=(9, 5) state=IDLE batt=100% done=0
[R1] t=665 pos=(9, 2) state=IDLE batt=100% done=0
[R3] t=665 pos=(9, 8) state=IDLE batt=100% done=0
[R4] t=666 pos=(9, 11) state=IDLE batt=100% done=0
[R2] t=666 pos=(9, 5) state=IDLE batt=100% done=0
[R1] t=666 pos=(9, 2) state=IDLE batt=100% done=0
[R3] t=666 pos=(9, 8) state=IDLE batt=100% done=0
[R4] t=667 pos=(9, 11) state=IDLE batt=100% done=0
[R2] t=667 pos=(9, 5) state=IDLE batt=100% done=0
[R1] t=667 pos=(9, 2) state=IDLE batt=100% done=0
[R3] t=667 pos=(9, 8) state=IDLE batt=100% done=0
[R4] t=668 pos=(9, 11) state=IDLE batt=100% done=0
INFO:     127.0.0.1:58118 - "POST /api/spawn-batch HTTP/1.1" 200 OK
[R2] t=668 pos=(9, 5) state=IDLE batt=100% done=0
[R1] t=668 pos=(9, 2) state=IDLE batt=100% done=0
[R3] t=668 pos=(9, 8) state=IDLE batt=100% done=0
[R4] t=669 pos=(9, 11) state=IDLE batt=100% done=0
[R2] t=669 pos=(9, 5) state=IDLE batt=100% done=0
[R1] t=669 pos=(9, 2) state=IDLE batt=100% done=0
[R3] t=669 pos=(9, 8) state=IDLE batt=100% done=0
[R4] t=670 pos=(9, 11) state=IDLE batt=100% done=0
[R2] t=670 pos=(9, 5) state=IDLE batt=100% done=0
[R1] t=670 pos=(9, 2) state=IDLE batt=100% done=0
[R3] t=670 pos=(9, 8) state=IDLE batt=100% done=0
[R4] t=671 pos=(9, 11) state=IDLE batt=100% done=0
[R2] t=671 pos=(9, 5) state=EN_ROUTE_TO_PICKUP batt=100% done=0
[R1] t=671 pos=(9, 2) state=EN_ROUTE_TO_PICKUP batt=100% done=0
[R3] t=671 pos=(9, 8) state=EN_ROUTE_TO_PICKUP batt=100% done=0
[R4] t=672 pos=(9, 11) state=IDLE batt=100% done=0
[R2] t=672 pos=(8, 5) state=EN_ROUTE_TO_PICKUP batt=100% done=0
[R1] t=672 pos=(8, 2) state=EN_ROUTE_TO_PICKUP batt=100% done=0
[DEBUG R3] t=672 Opportunistic replan failed or not better. Old len: 2, New len: 2
[R3] t=672 pos=(8, 8) state=EN_ROUTE_TO_PICKUP batt=100% done=0
[R4] t=673 pos=(9, 11) state=IDLE batt=100% done=0
[R2] t=673 pos=(8, 5) state=EN_ROUTE_TO_DROPOFF batt=100% done=0
[R1] t=673 pos=(8, 2) state=EN_ROUTE_TO_DROPOFF batt=100% done=0
[R3] t=673 pos=(8, 8) state=EN_ROUTE_TO_DROPOFF batt=100% done=0
[R4] t=674 pos=(9, 11) state=IDLE batt=100% done=0
[R2] t=674 pos=(8, 6) state=EN_ROUTE_TO_DROPOFF batt=99% done=0
[R1] t=674 pos=(8, 1) state=EN_ROUTE_TO_DROPOFF batt=99% done=0
[R3] t=674 pos=(8, 9) state=EN_ROUTE_TO_DROPOFF batt=99% done=0
[R4] t=675 pos=(9, 11) state=IDLE batt=100% done=0
[R2] t=675 pos=(8, 7) state=EN_ROUTE_TO_DROPOFF batt=99% done=0
[R1] t=675 pos=(7, 1) state=EN_ROUTE_TO_DROPOFF batt=99% done=0
[DEBUG R3] t=675 Opportunistic replan failed or not better. Old len: 8, New len: 8
[R3] t=675 pos=(8, 10) state=EN_ROUTE_TO_DROPOFF batt=99% done=0
[R4] t=676 pos=(9, 11) state=IDLE batt=100% done=0
[R2] t=676 pos=(7, 7) state=EN_ROUTE_TO_DROPOFF batt=99% done=0
[R3] t=676 pos=(7, 10) state=EN_ROUTE_TO_DROPOFF batt=99% done=0
[R1] t=676 pos=(6, 1) state=EN_ROUTE_TO_DROPOFF batt=99% done=0
[R4] t=677 pos=(9, 11) state=IDLE batt=100% done=0
[R2] t=677 pos=(6, 7) state=EN_ROUTE_TO_DROPOFF batt=98% done=0
[R3] t=677 pos=(6, 10) state=EN_ROUTE_TO_DROPOFF batt=98% done=0
[R1] t=677 pos=(5, 1) state=EN_ROUTE_TO_DROPOFF batt=98% done=0
[R4] t=678 pos=(9, 11) state=IDLE batt=100% done=0
[R2] t=678 pos=(5, 7) state=EN_ROUTE_TO_DROPOFF batt=98% done=0
[DEBUG R3] t=678 Opportunistic replan failed or not better. Old len: 5, New len: 5
[R3] t=678 pos=(5, 10) state=EN_ROUTE_TO_DROPOFF batt=98% done=0
[R1] t=678 pos=(4, 1) state=EN_ROUTE_TO_DROPOFF batt=98% done=0
[R4] t=679 pos=(9, 11) state=IDLE batt=100% done=0
[R2] t=679 pos=(4, 7) state=EN_ROUTE_TO_DROPOFF batt=98% done=0
[R1] t=679 pos=(4, 2) state=EN_ROUTE_TO_DROPOFF batt=98% done=0
[R3] t=679 pos=(4, 10) state=EN_ROUTE_TO_DROPOFF batt=98% done=0
[R4] t=680 pos=(9, 11) state=IDLE batt=100% done=0
[R2] t=680 pos=(4, 7) state=IDLE batt=98% done=1
[R3] t=680 pos=(4, 11) state=EN_ROUTE_TO_DROPOFF batt=97% done=0
[R1] t=680 pos=(4, 2) state=IDLE batt=98% done=1
[R4] t=681 pos=(9, 11) state=IDLE batt=100% done=0
[R2] t=681 pos=(4, 7) state=IDLE batt=98% done=1
[DEBUG R3] t=681 Opportunistic replan failed or not better. Old len: 2, New len: 2
[R3] t=681 pos=(4, 12) state=EN_ROUTE_TO_DROPOFF batt=97% done=0
[R1] t=681 pos=(4, 2) state=IDLE batt=98% done=1
[R4] t=682 pos=(9, 11) state=IDLE batt=100% done=0
[R2] t=682 pos=(4, 7) state=IDLE batt=98% done=1
[R3] t=682 pos=(4, 12) state=IDLE batt=97% done=1
[R1] t=682 pos=(4, 2) state=IDLE batt=98% done=1
[R4] t=683 pos=(9, 11) state=IDLE batt=100% done=0
[R2] t=683 pos=(4, 7) state=IDLE batt=98% done=1
[R3] t=683 pos=(4, 12) state=IDLE batt=97% done=1
[R1] t=683 pos=(4, 2) state=IDLE batt=98% done=1
[R4] t=684 pos=(9, 11) state=IDLE batt=100% done=0
[R2] t=684 pos=(4, 7) state=IDLE batt=98% done=1
[R3] t=684 pos=(4, 12) state=IDLE batt=97% done=1
[R1] t=684 pos=(4, 2) state=IDLE batt=98% done=1
[R4] t=685 pos=(9, 11) state=IDLE batt=100% done=0
[R2] t=685 pos=(4, 7) state=IDLE batt=98% done=1
[R3] t=685 pos=(4, 12) state=IDLE batt=97% done=1
[R1] t=685 pos=(4, 2) state=IDLE batt=98% done=1
[R4] t=686 pos=(9, 11) state=IDLE batt=100% done=0
[R2] t=686 pos=(4, 7) state=IDLE batt=98% done=1
[R3] t=686 pos=(4, 12) state=IDLE batt=97% done=1
[R1] t=686 pos=(4, 2) state=IDLE batt=98% done=1
[R4] t=687 pos=(9, 11) state=IDLE batt=100% done=0
[R2] t=687 pos=(4, 7) state=IDLE batt=98% done=1
[R1] t=687 pos=(4, 2) state=IDLE batt=98% done=1
[R3] t=687 pos=(4, 12) state=IDLE batt=97% done=1
[R4] t=688 pos=(9, 11) state=IDLE batt=100% done=0
[R2] t=688 pos=(4, 7) state=IDLE batt=98% done=1
[R1] t=688 pos=(4, 2) state=IDLE batt=98% done=1
[R3] t=688 pos=(4, 12) state=IDLE batt=97% done=1
[R4] t=689 pos=(9, 11) state=IDLE batt=100% done=0
[R2] t=689 pos=(4, 7) state=IDLE batt=98% done=1
[R3] t=689 pos=(4, 12) state=IDLE batt=97% done=1
[R1] t=689 pos=(4, 2) state=IDLE batt=98% done=1
[R4] t=690 pos=(9, 11) state=IDLE batt=100% done=0
[R2] t=690 pos=(4, 7) state=IDLE batt=98% done=1
[R1] t=690 pos=(4, 2) state=IDLE batt=98% done=1
[R3] t=690 pos=(4, 12) state=IDLE batt=97% done=1
[R4] t=691 pos=(9, 11) state=IDLE batt=100% done=0
[R2] t=691 pos=(4, 7) state=IDLE batt=98% done=1
[R1] t=691 pos=(4, 2) state=IDLE batt=98% done=1
[R3] t=691 pos=(4, 12) state=IDLE batt=97% done=1
[R4] t=692 pos=(9, 11) state=IDLE batt=100% done=0
[R2] t=692 pos=(4, 7) state=IDLE batt=98% done=1
[R1] t=692 pos=(4, 2) state=IDLE batt=98% done=1
[R3] t=692 pos=(4, 12) state=IDLE batt=97% done=1
[R4] t=693 pos=(9, 11) state=IDLE batt=100% done=0
[R2] t=693 pos=(4, 7) state=IDLE batt=98% done=1
[R1] t=693 pos=(4, 2) state=IDLE batt=98% done=1
[R3] t=693 pos=(4, 12) state=IDLE batt=97% done=1
[R4] t=694 pos=(9, 11) state=IDLE batt=100% done=0
[R2] t=694 pos=(4, 7) state=IDLE batt=98% done=1
[R1] t=694 pos=(4, 2) state=IDLE batt=98% done=1
[R3] t=694 pos=(4, 12) state=IDLE batt=97% done=1
[R4] t=695 pos=(9, 11) state=IDLE batt=100% done=0
[R2] t=695 pos=(4, 7) state=IDLE batt=98% done=1
[R1] t=695 pos=(4, 2) state=IDLE batt=98% done=1
[R3] t=695 pos=(4, 12) state=IDLE batt=97% done=1
[R4] t=696 pos=(9, 11) state=IDLE batt=100% done=0
[R2] t=696 pos=(4, 7) state=IDLE batt=98% done=1
[R1] t=696 pos=(4, 2) state=IDLE batt=98% done=1
[R3] t=696 pos=(4, 12) state=IDLE batt=97% done=1
[R4] t=697 pos=(9, 11) state=IDLE batt=100% done=0
[R2] t=697 pos=(4, 7) state=IDLE batt=98% done=1
[R1] t=697 pos=(4, 2) state=IDLE batt=98% done=1
[R3] t=697 pos=(4, 12) state=IDLE batt=97% done=1
[R4] t=698 pos=(9, 11) state=IDLE batt=100% done=0
[R2] t=698 pos=(4, 7) state=IDLE batt=98% done=1
[R1] t=698 pos=(4, 2) state=IDLE batt=98% done=1
[R3] t=698 pos=(4, 12) state=IDLE batt=97% done=1
[R4] t=699 pos=(9, 11) state=IDLE batt=100% done=0
[R2] t=699 pos=(4, 7) state=IDLE batt=98% done=1
[R1] t=699 pos=(4, 2) state=IDLE batt=98% done=1
[R3] t=699 pos=(4, 12) state=IDLE batt=97% done=1
[R4] t=700 pos=(9, 11) state=IDLE batt=100% done=0
[R2] t=700 pos=(4, 7) state=IDLE batt=98% done=1
[R1] t=700 pos=(4, 2) state=IDLE batt=98% done=1
[R3] t=700 pos=(4, 12) state=IDLE batt=97% done=1
[R4] t=701 pos=(9, 11) state=IDLE batt=100% done=0
[R2] t=701 pos=(4, 7) state=IDLE batt=98% done=1
[R1] t=701 pos=(4, 2) state=IDLE batt=98% done=1
[R3] t=701 pos=(4, 12) state=IDLE batt=97% done=1
[R4] t=702 pos=(9, 11) state=IDLE batt=100% done=0
[R2] t=702 pos=(4, 7) state=IDLE batt=98% done=1
[R1] t=702 pos=(4, 2) state=IDLE batt=98% done=1
[R3] t=702 pos=(4, 12) state=IDLE batt=97% done=1
INFO:     127.0.0.1:58120 - "POST /api/spawn-batch HTTP/1.1" 200 OK
[R4] t=703 pos=(9, 11) state=IDLE batt=100% done=0
[R2] t=703 pos=(4, 7) state=IDLE batt=98% done=1
[R1] t=703 pos=(4, 2) state=IDLE batt=98% done=1
[R3] t=703 pos=(4, 12) state=IDLE batt=97% done=1
[R4] t=704 pos=(9, 11) state=IDLE batt=100% done=0
[R2] t=704 pos=(4, 7) state=IDLE batt=98% done=1
[R1] t=704 pos=(4, 2) state=IDLE batt=98% done=1
[R3] t=704 pos=(4, 12) state=IDLE batt=97% done=1
[R4] t=705 pos=(9, 11) state=IDLE batt=100% done=0
[R2] t=705 pos=(4, 7) state=IDLE batt=98% done=1
[R1] t=705 pos=(4, 2) state=IDLE batt=98% done=1
[R3] t=705 pos=(4, 12) state=IDLE batt=97% done=1
[R4] t=706 pos=(9, 11) state=IDLE batt=100% done=0
[R2] t=706 pos=(4, 7) state=IDLE batt=98% done=1
[R1] t=706 pos=(4, 2) state=EN_ROUTE_TO_PICKUP batt=98% done=1
[R3] t=706 pos=(4, 12) state=EN_ROUTE_TO_PICKUP batt=97% done=1
[R4] t=707 pos=(9, 11) state=IDLE batt=100% done=0
[R2] t=707 pos=(4, 7) state=IDLE batt=98% done=1
[R1] t=707 pos=(4, 1) state=EN_ROUTE_TO_PICKUP batt=97% done=1
[R3] t=707 pos=(4, 13) state=EN_ROUTE_TO_PICKUP batt=97% done=1
[R4] t=708 pos=(9, 11) state=IDLE batt=100% done=0
[R2] t=708 pos=(4, 7) state=IDLE batt=98% done=1
[R1] t=708 pos=(4, 1) state=EN_ROUTE_TO_DROPOFF batt=97% done=1
[R3] t=708 pos=(4, 13) state=EN_ROUTE_TO_DROPOFF batt=97% done=1
[R4] t=709 pos=(9, 11) state=IDLE batt=100% done=0
[R2] t=709 pos=(4, 7) state=IDLE batt=98% done=1
[R1] t=709 pos=(4, 2) state=EN_ROUTE_TO_DROPOFF batt=97% done=1
[R3] t=709 pos=(4, 12) state=EN_ROUTE_TO_DROPOFF batt=96% done=1
[R4] t=710 pos=(9, 11) state=IDLE batt=100% done=0
[R2] t=710 pos=(4, 7) state=IDLE batt=98% done=1
[R1] t=710 pos=(4, 3) state=EN_ROUTE_TO_DROPOFF batt=97% done=1
[R3] t=710 pos=(4, 11) state=EN_ROUTE_TO_DROPOFF batt=96% done=1
[R4] t=711 pos=(9, 11) state=IDLE batt=100% done=0
[R2] t=711 pos=(4, 7) state=IDLE batt=98% done=1
[R1] t=711 pos=(4, 4) state=EN_ROUTE_TO_DROPOFF batt=96% done=1
[DEBUG R3] t=711 Opportunistic replan failed or not better. Old len: 10, New len: 10
[R3] t=711 pos=(4, 10) state=EN_ROUTE_TO_DROPOFF batt=95% done=1
[R4] t=712 pos=(9, 11) state=IDLE batt=100% done=0
[R2] t=712 pos=(4, 7) state=IDLE batt=98% done=1
[R1] t=712 pos=(4, 5) state=EN_ROUTE_TO_DROPOFF batt=96% done=1
[R3] t=712 pos=(4, 9) state=EN_ROUTE_TO_DROPOFF batt=95% done=1
[R4] t=713 pos=(9, 11) state=IDLE batt=100% done=0
[R2] t=713 pos=(4, 7) state=IDLE batt=98% done=1
[R1] t=713 pos=(4, 6) state=EN_ROUTE_TO_DROPOFF batt=95% done=1
[R3] t=713 pos=(4, 8) state=EN_ROUTE_TO_DROPOFF batt=95% done=1
[R4] t=714 pos=(9, 11) state=IDLE batt=100% done=0
[R2] t=714 pos=(4, 7) state=IDLE batt=98% done=1
[R1] t=714 pos=(4, 6) state=EN_ROUTE_TO_DROPOFF batt=95% done=1
[DEBUG R3] t=714 Opportunistic replan failed or not better. Old len: 7, New len: 8
[R3] t=714 pos=(4, 8) state=EN_ROUTE_TO_DROPOFF batt=94% done=1
[R4] t=715 pos=(9, 11) state=IDLE batt=100% done=0
[R2] t=715 pos=(4, 7) state=IDLE batt=98% done=1
[R1] t=715 pos=(4, 6) state=EN_ROUTE_TO_DROPOFF batt=95% done=1
[R3] t=715 pos=(4, 8) state=EN_ROUTE_TO_DROPOFF batt=94% done=1
[R4] t=716 pos=(9, 11) state=IDLE batt=100% done=0
[R2] t=716 pos=(4, 7) state=IDLE batt=98% done=1
[R1] t=716 pos=(4, 6) state=EN_ROUTE_TO_DROPOFF batt=94% done=1
[R3] t=716 pos=(4, 8) state=EN_ROUTE_TO_DROPOFF batt=94% done=1
[R4] t=717 pos=(9, 11) state=IDLE batt=100% done=0
[R2] t=717 pos=(4, 7) state=IDLE batt=98% done=1
[R1] t=717 pos=(4, 6) state=EN_ROUTE_TO_DROPOFF batt=94% done=1
[DEBUG R3] t=717 Opportunistic replan failed or not better. Old len: 4, New len: 8
[R3] t=717 pos=(4, 8) state=EN_ROUTE_TO_DROPOFF batt=93% done=1
[R4] t=718 pos=(9, 11) state=IDLE batt=100% done=0
[R2] t=718 pos=(4, 7) state=IDLE batt=98% done=1
[R1] t=718 pos=(4, 6) state=EN_ROUTE_TO_DROPOFF batt=94% done=1
[R3] t=718 pos=(4, 8) state=EN_ROUTE_TO_DROPOFF batt=93% done=1
[R4] t=719 pos=(9, 11) state=IDLE batt=100% done=0
[R2] t=719 pos=(4, 7) state=IDLE batt=98% done=1
[R1] t=719 pos=(4, 6) state=EN_ROUTE_TO_DROPOFF batt=94% done=1
[R3] t=719 pos=(4, 8) state=EN_ROUTE_TO_DROPOFF batt=93% done=1
[R4] t=720 pos=(9, 11) state=IDLE batt=100% done=0
[R2] t=720 pos=(5, 7) state=IDLE batt=98% done=1
[R1] t=720 pos=(4, 7) state=EN_ROUTE_TO_DROPOFF batt=94% done=1
[R3] t=720 pos=(4, 8) state=EN_ROUTE_TO_DROPOFF batt=93% done=1
[R4] t=721 pos=(9, 11) state=IDLE batt=100% done=0
[R2] t=721 pos=(5, 7) state=IDLE batt=98% done=1
[R1] t=721 pos=(4, 7) state=EN_ROUTE_TO_DROPOFF batt=94% done=1
[R3] t=721 pos=(4, 8) state=EN_ROUTE_TO_DROPOFF batt=93% done=1
[R4] t=722 pos=(9, 11) state=IDLE batt=100% done=0
[R2] t=722 pos=(5, 7) state=IDLE batt=98% done=1
[R1] t=722 pos=(4, 7) state=EN_ROUTE_TO_DROPOFF batt=94% done=1
[R3] t=722 pos=(4, 8) state=EN_ROUTE_TO_DROPOFF batt=93% done=1
[R4] t=723 pos=(9, 11) state=IDLE batt=100% done=0
[R2] t=723 pos=(5, 7) state=IDLE batt=98% done=1
[R1] t=723 pos=(4, 7) state=EN_ROUTE_TO_DROPOFF batt=94% done=1
[R3] t=723 pos=(4, 8) state=EN_ROUTE_TO_DROPOFF batt=93% done=1
[R4] t=724 pos=(9, 11) state=IDLE batt=100% done=0
[R2] t=724 pos=(5, 7) state=IDLE batt=98% done=1
[R1] t=724 pos=(4, 7) state=EN_ROUTE_TO_DROPOFF batt=94% done=1
[R3] t=724 pos=(4, 8) state=EN_ROUTE_TO_DROPOFF batt=93% done=1
[R4] t=725 pos=(9, 11) state=IDLE batt=100% done=0
[R2] t=725 pos=(5, 7) state=IDLE batt=98% done=1
[R1] t=725 pos=(4, 7) state=EN_ROUTE_TO_DROPOFF batt=94% done=1
[R3] t=725 pos=(4, 8) state=EN_ROUTE_TO_DROPOFF batt=93% done=1
[R4] t=726 pos=(9, 11) state=IDLE batt=100% done=0
[R2] t=726 pos=(5, 7) state=IDLE batt=98% done=1
[R1] t=726 pos=(4, 7) state=EN_ROUTE_TO_DROPOFF batt=94% done=1
[R3] t=726 pos=(4, 8) state=EN_ROUTE_TO_DROPOFF batt=93% done=1
[R4] t=727 pos=(9, 11) state=IDLE batt=100% done=0
[R2] t=727 pos=(5, 7) state=IDLE batt=98% done=1
[R1] t=727 pos=(4, 7) state=EN_ROUTE_TO_DROPOFF batt=94% done=1
[R3] t=727 pos=(4, 8) state=EN_ROUTE_TO_DROPOFF batt=93% done=1
[R4] t=728 pos=(9, 11) state=IDLE batt=100% done=0
[R2] t=728 pos=(5, 7) state=IDLE batt=98% done=1
[R1] t=728 pos=(4, 7) state=EN_ROUTE_TO_DROPOFF batt=94% done=1
[R3] t=728 pos=(4, 8) state=EN_ROUTE_TO_DROPOFF batt=93% done=1
[R4] t=729 pos=(9, 11) state=IDLE batt=100% done=0
[R2] t=729 pos=(5, 7) state=IDLE batt=98% done=1
[R1] t=729 pos=(4, 7) state=EN_ROUTE_TO_DROPOFF batt=94% done=1
[R3] t=729 pos=(4, 8) state=EN_ROUTE_TO_DROPOFF batt=93% done=1
[R4] t=730 pos=(9, 11) state=IDLE batt=100% done=0
[R1] t=730 pos=(4, 7) state=EN_ROUTE_TO_DROPOFF batt=94% done=1
[R2] t=730 pos=(5, 7) state=IDLE batt=98% done=1
[R3] t=730 pos=(4, 8) state=EN_ROUTE_TO_DROPOFF batt=93% done=1
[R4] t=731 pos=(9, 11) state=IDLE batt=100% done=0
[R2] t=731 pos=(5, 7) state=IDLE batt=98% done=1
[R1] t=731 pos=(4, 7) state=EN_ROUTE_TO_DROPOFF batt=94% done=1
[R3] t=731 pos=(4, 8) state=EN_ROUTE_TO_DROPOFF batt=93% done=1
[R4] t=732 pos=(9, 11) state=IDLE batt=100% done=0
[R1] t=732 pos=(4, 7) state=EN_ROUTE_TO_DROPOFF batt=94% done=1
[R2] t=732 pos=(5, 7) state=IDLE batt=98% done=1
[R3] t=732 pos=(4, 8) state=EN_ROUTE_TO_DROPOFF batt=93% done=1
[R4] t=733 pos=(9, 11) state=IDLE batt=100% done=0
[R1] t=733 pos=(4, 7) state=EN_ROUTE_TO_DROPOFF batt=94% done=1
[R2] t=733 pos=(5, 7) state=IDLE batt=98% done=1
[R3] t=733 pos=(4, 8) state=EN_ROUTE_TO_DROPOFF batt=93% done=1
[R4] t=734 pos=(9, 11) state=IDLE batt=100% done=0
[R2] t=734 pos=(5, 7) state=IDLE batt=98% done=1
[R1] t=734 pos=(4, 7) state=EN_ROUTE_TO_DROPOFF batt=94% done=1
[R3] t=734 pos=(4, 8) state=EN_ROUTE_TO_DROPOFF batt=93% done=1
[R4] t=735 pos=(9, 11) state=IDLE batt=100% done=0
[R2] t=735 pos=(5, 7) state=IDLE batt=98% done=1
[R1] t=735 pos=(4, 7) state=EN_ROUTE_TO_DROPOFF batt=94% done=1
[R3] t=735 pos=(4, 8) state=EN_ROUTE_TO_DROPOFF batt=93% done=1
[R4] t=736 pos=(9, 11) state=IDLE batt=100% done=0
[R2] t=736 pos=(5, 7) state=IDLE batt=98% done=1
[R1] t=736 pos=(4, 7) state=EN_ROUTE_TO_DROPOFF batt=94% done=1
[R3] t=736 pos=(4, 8) state=EN_ROUTE_TO_DROPOFF batt=93% done=1
[R4] t=737 pos=(9, 11) state=IDLE batt=100% done=0
[R2] t=737 pos=(5, 7) state=IDLE batt=98% done=1
[R1] t=737 pos=(4, 7) state=EN_ROUTE_TO_DROPOFF batt=94% done=1
[R3] t=737 pos=(4, 8) state=EN_ROUTE_TO_DROPOFF batt=93% done=1
[R4] t=738 pos=(9, 11) state=IDLE batt=100% done=0
[R2] t=738 pos=(5, 7) state=IDLE batt=98% done=1
[R1] t=738 pos=(4, 7) state=EN_ROUTE_TO_DROPOFF batt=94% done=1
[R3] t=738 pos=(4, 8) state=EN_ROUTE_TO_DROPOFF batt=93% done=1
[R4] t=739 pos=(9, 11) state=IDLE batt=100% done=0
[R2] t=739 pos=(5, 7) state=IDLE batt=98% done=1
[R1] t=739 pos=(4, 7) state=EN_ROUTE_TO_DROPOFF batt=94% done=1
[R3] t=739 pos=(4, 8) state=EN_ROUTE_TO_DROPOFF batt=93% done=1
[R4] t=740 pos=(9, 11) state=IDLE batt=100% done=0
[R1] t=740 pos=(4, 7) state=EN_ROUTE_TO_DROPOFF batt=94% done=1
[R2] t=740 pos=(5, 7) state=IDLE batt=98% done=1
[R3] t=740 pos=(4, 8) state=EN_ROUTE_TO_DROPOFF batt=93% done=1
[R4] t=741 pos=(9, 11) state=IDLE batt=100% done=0
[R1] t=741 pos=(4, 7) state=EN_ROUTE_TO_DROPOFF batt=94% done=1
[R2] t=741 pos=(5, 7) state=IDLE batt=98% done=1
[R3] t=741 pos=(4, 8) state=EN_ROUTE_TO_DROPOFF batt=93% done=1
[R4] t=742 pos=(9, 11) state=IDLE batt=100% done=0
[R1] t=742 pos=(4, 7) state=EN_ROUTE_TO_DROPOFF batt=94% done=1
[R2] t=742 pos=(5, 7) state=IDLE batt=98% done=1
[R3] t=742 pos=(4, 9) state=EN_ROUTE_TO_DROPOFF batt=93% done=1
[R4] t=743 pos=(9, 11) state=IDLE batt=100% done=0
[R2] t=743 pos=(5, 7) state=IDLE batt=98% done=1
[R1] t=743 pos=(4, 8) state=EN_ROUTE_TO_DROPOFF batt=93% done=1
[R3] t=743 pos=(4, 10) state=EN_ROUTE_TO_DROPOFF batt=93% done=1
[R4] t=744 pos=(9, 11) state=IDLE batt=100% done=0
[R2] t=744 pos=(5, 7) state=IDLE batt=98% done=1
[R1] t=744 pos=(4, 9) state=EN_ROUTE_TO_DROPOFF batt=93% done=1
[DEBUG R3] t=744 ADOPTED NEW PATH! Old len: 17, New len: 5
[R3] t=744 pos=(4, 10) state=EN_ROUTE_TO_DROPOFF batt=93% done=1
[R4] t=745 pos=(9, 11) state=IDLE batt=100% done=0
[R2] t=745 pos=(5, 7) state=IDLE batt=98% done=1
[R1] t=745 pos=(4, 9) state=EN_ROUTE_TO_DROPOFF batt=93% done=1
[R3] t=745 pos=(4, 10) state=EN_ROUTE_TO_DROPOFF batt=93% done=1
[R4] t=746 pos=(9, 11) state=IDLE batt=100% done=0
[R2] t=746 pos=(5, 7) state=IDLE batt=98% done=1
[R1] t=746 pos=(4, 9) state=EN_ROUTE_TO_DROPOFF batt=93% done=1
[R3] t=746 pos=(4, 10) state=EN_ROUTE_TO_DROPOFF batt=93% done=1
[R4] t=747 pos=(9, 11) state=IDLE batt=100% done=0
[R2] t=747 pos=(5, 7) state=IDLE batt=98% done=1
[R1] t=747 pos=(4, 9) state=EN_ROUTE_TO_DROPOFF batt=93% done=1
[R3] t=747 pos=(4, 10) state=EN_ROUTE_TO_DROPOFF batt=93% done=1
[R4] t=748 pos=(9, 11) state=IDLE batt=100% done=0
[R1] t=748 pos=(4, 9) state=EN_ROUTE_TO_DROPOFF batt=93% done=1
[R2] t=748 pos=(5, 7) state=IDLE batt=98% done=1
[R3] t=748 pos=(4, 10) state=EN_ROUTE_TO_DROPOFF batt=93% done=1
[R4] t=749 pos=(9, 11) state=IDLE batt=100% done=0
[R1] t=749 pos=(4, 9) state=EN_ROUTE_TO_DROPOFF batt=93% done=1
[R2] t=749 pos=(5, 7) state=IDLE batt=98% done=1
[R3] t=749 pos=(4, 10) state=EN_ROUTE_TO_DROPOFF batt=93% done=1
[R4] t=750 pos=(9, 11) state=IDLE batt=100% done=0
[R2] t=750 pos=(5, 7) state=IDLE batt=98% done=1
[R1] t=750 pos=(4, 9) state=EN_ROUTE_TO_DROPOFF batt=93% done=1
[R3] t=750 pos=(4, 10) state=EN_ROUTE_TO_DROPOFF batt=93% done=1
[R4] t=751 pos=(9, 11) state=IDLE batt=100% done=0
[R2] t=751 pos=(5, 7) state=IDLE batt=98% done=1
[R1] t=751 pos=(4, 9) state=EN_ROUTE_TO_DROPOFF batt=93% done=1
[R3] t=751 pos=(4, 10) state=EN_ROUTE_TO_DROPOFF batt=93% done=1
[R4] t=752 pos=(9, 11) state=IDLE batt=100% done=0
[R2] t=752 pos=(5, 7) state=IDLE batt=98% done=1
[R1] t=752 pos=(4, 9) state=EN_ROUTE_TO_DROPOFF batt=93% done=1
[R3] t=752 pos=(4, 10) state=EN_ROUTE_TO_DROPOFF batt=93% done=1
[R4] t=753 pos=(9, 11) state=IDLE batt=100% done=0
[R2] t=753 pos=(5, 7) state=IDLE batt=98% done=1
[R1] t=753 pos=(4, 9) state=EN_ROUTE_TO_DROPOFF batt=93% done=1
[R3] t=753 pos=(4, 10) state=EN_ROUTE_TO_DROPOFF batt=93% done=1
[R4] t=754 pos=(9, 11) state=IDLE batt=100% done=0
[R2] t=754 pos=(5, 7) state=IDLE batt=98% done=1
[R1] t=754 pos=(4, 9) state=EN_ROUTE_TO_DROPOFF batt=93% done=1
[R3] t=754 pos=(4, 10) state=EN_ROUTE_TO_DROPOFF batt=93% done=1
[R4] t=755 pos=(9, 11) state=IDLE batt=100% done=0
[R2] t=755 pos=(5, 7) state=IDLE batt=98% done=1
[R1] t=755 pos=(4, 9) state=EN_ROUTE_TO_DROPOFF batt=93% done=1
[R3] t=755 pos=(4, 10) state=EN_ROUTE_TO_DROPOFF batt=93% done=1
[R4] t=756 pos=(9, 11) state=IDLE batt=100% done=0
[R2] t=756 pos=(5, 7) state=IDLE batt=98% done=1
[R1] t=756 pos=(4, 9) state=EN_ROUTE_TO_DROPOFF batt=93% done=1
[R3] t=756 pos=(4, 10) state=EN_ROUTE_TO_DROPOFF batt=93% done=1
[R4] t=757 pos=(9, 11) state=IDLE batt=100% done=0
[R2] t=757 pos=(5, 7) state=IDLE batt=98% done=1
[R1] t=757 pos=(4, 9) state=EN_ROUTE_TO_DROPOFF batt=93% done=1
[R3] t=757 pos=(4, 10) state=EN_ROUTE_TO_DROPOFF batt=93% done=1
[R4] t=758 pos=(9, 11) state=IDLE batt=100% done=0
[R2] t=758 pos=(5, 7) state=IDLE batt=98% done=1
[R1] t=758 pos=(4, 9) state=EN_ROUTE_TO_DROPOFF batt=93% done=1
[R3] t=758 pos=(4, 10) state=EN_ROUTE_TO_DROPOFF batt=93% done=1
[R4] t=759 pos=(9, 11) state=IDLE batt=100% done=0
[R1] t=759 pos=(4, 9) state=EN_ROUTE_TO_DROPOFF batt=93% done=1
[R2] t=759 pos=(5, 7) state=IDLE batt=98% done=1
[R3] t=759 pos=(4, 10) state=EN_ROUTE_TO_DROPOFF batt=93% done=1
INFO:     127.0.0.1:58123 - "POST /api/reset HTTP/1.1" 200 OK
[R4] t=760 pos=(9, 11) state=IDLE batt=100% done=0
[R2] t=760 pos=(9, 5) state=IDLE batt=100% done=0
[R1] t=760 pos=(9, 2) state=IDLE batt=100% done=0
[R3] t=760 pos=(9, 8) state=IDLE batt=100% done=0
[R4] t=761 pos=(9, 11) state=IDLE batt=100% done=0
[R1] t=761 pos=(9, 2) state=IDLE batt=100% done=0
[R2] t=761 pos=(9, 5) state=IDLE batt=100% done=0
[R3] t=761 pos=(9, 8) state=IDLE batt=100% done=0
[R4] t=762 pos=(9, 11) state=IDLE batt=100% done=0
[R1] t=762 pos=(9, 2) state=IDLE batt=100% done=0
[R2] t=762 pos=(9, 5) state=IDLE batt=100% done=0
[R3] t=762 pos=(9, 8) state=IDLE batt=100% done=0
[R4] t=763 pos=(9, 11) state=IDLE batt=100% done=0
[R1] t=763 pos=(9, 2) state=IDLE batt=100% done=0
[R2] t=763 pos=(9, 5) state=IDLE batt=100% done=0
[R3] t=763 pos=(9, 8) state=IDLE batt=100% done=0
[R4] t=764 pos=(9, 11) state=IDLE batt=100% done=0
[R1] t=764 pos=(9, 2) state=IDLE batt=100% done=0
[R2] t=764 pos=(9, 5) state=IDLE batt=100% done=0
[R3] t=764 pos=(9, 8) state=IDLE batt=100% done=0
[R4] t=765 pos=(9, 11) state=IDLE batt=100% done=0
[R1] t=765 pos=(9, 2) state=IDLE batt=100% done=0
[R2] t=765 pos=(9, 5) state=IDLE batt=100% done=0
[R3] t=765 pos=(9, 8) state=IDLE batt=100% done=0
[R4] t=766 pos=(9, 11) state=IDLE batt=100% done=0
[R2] t=766 pos=(9, 5) state=IDLE batt=100% done=0
[R1] t=766 pos=(9, 2) state=IDLE batt=100% done=0
[R3] t=766 pos=(9, 8) state=IDLE batt=100% done=0
[R4] t=767 pos=(9, 11) state=IDLE batt=100% done=0
[R2] t=767 pos=(9, 5) state=IDLE batt=100% done=0
[R1] t=767 pos=(9, 2) state=IDLE batt=100% done=0
[R3] t=767 pos=(9, 8) state=IDLE batt=100% done=0
[R4] t=768 pos=(9, 11) state=IDLE batt=100% done=0
[R1] t=768 pos=(9, 2) state=IDLE batt=100% done=0
[R2] t=768 pos=(9, 5) state=IDLE batt=100% done=0
[R3] t=768 pos=(9, 8) state=IDLE batt=100% done=0
[R4] t=769 pos=(9, 11) state=IDLE batt=100% done=0
[R2] t=769 pos=(9, 5) state=IDLE batt=100% done=0
[R1] t=769 pos=(9, 2) state=IDLE batt=100% done=0
[R3] t=769 pos=(9, 8) state=IDLE batt=100% done=0
[R4] t=770 pos=(9, 11) state=IDLE batt=100% done=0
[R2] t=770 pos=(9, 5) state=IDLE batt=100% done=0
[R1] t=770 pos=(9, 2) state=IDLE batt=100% done=0
[R3] t=770 pos=(9, 8) state=IDLE batt=100% done=0
[R4] t=771 pos=(9, 11) state=IDLE batt=100% done=0
[R1] t=771 pos=(9, 2) state=IDLE batt=100% done=0
[R2] t=771 pos=(9, 5) state=IDLE batt=100% done=0
[R3] t=771 pos=(9, 8) state=IDLE batt=100% done=0
[R4] t=772 pos=(9, 11) state=IDLE batt=100% done=0
[R1] t=772 pos=(9, 2) state=IDLE batt=100% done=0
[R2] t=772 pos=(9, 5) state=IDLE batt=100% done=0
[R3] t=772 pos=(9, 8) state=IDLE batt=100% done=0
[R4] t=773 pos=(9, 11) state=IDLE batt=100% done=0
[R1] t=773 pos=(9, 2) state=IDLE batt=100% done=0
[R2] t=773 pos=(9, 5) state=IDLE batt=100% done=0
[R3] t=773 pos=(9, 8) state=IDLE batt=100% done=0
[R4] t=774 pos=(9, 11) state=IDLE batt=100% done=0
[R1] t=774 pos=(9, 2) state=IDLE batt=100% done=0
[R2] t=774 pos=(9, 5) state=IDLE batt=100% done=0
[R3] t=774 pos=(9, 8) state=IDLE batt=100% done=0
[R4] t=775 pos=(9, 11) state=IDLE batt=100% done=0
[R1] t=775 pos=(9, 2) state=IDLE batt=100% done=0
[R2] t=775 pos=(9, 5) state=IDLE batt=100% done=0
[R3] t=775 pos=(9, 8) state=IDLE batt=100% done=0
[R4] t=776 pos=(9, 11) state=IDLE batt=100% done=0
[R1] t=776 pos=(9, 2) state=IDLE batt=100% done=0
[R2] t=776 pos=(9, 5) state=IDLE batt=100% done=0
[R3] t=776 pos=(9, 8) state=IDLE batt=100% done=0
[R4] t=777 pos=(9, 11) state=IDLE batt=100% done=0
[R1] t=777 pos=(9, 2) state=IDLE batt=100% done=0
[R2] t=777 pos=(9, 5) state=IDLE batt=100% done=0
[R3] t=777 pos=(9, 8) state=IDLE batt=100% done=0
[R4] t=778 pos=(9, 11) state=IDLE batt=100% done=0
[R2] t=778 pos=(9, 5) state=IDLE batt=100% done=0
[R1] t=778 pos=(9, 2) state=IDLE batt=100% done=0
[R3] t=778 pos=(9, 8) state=IDLE batt=100% done=0
[R4] t=779 pos=(9, 11) state=IDLE batt=100% done=0
[R1] t=779 pos=(9, 2) state=IDLE batt=100% done=0
[R2] t=779 pos=(9, 5) state=IDLE batt=100% done=0
[R3] t=779 pos=(9, 8) state=IDLE batt=100% done=0
[R4] t=780 pos=(9, 11) state=IDLE batt=100% done=0
[R2] t=780 pos=(9, 5) state=IDLE batt=100% done=0
[R1] t=780 pos=(9, 2) state=IDLE batt=100% done=0
[R3] t=780 pos=(9, 8) state=IDLE batt=100% done=0
[R4] t=781 pos=(9, 11) state=IDLE batt=100% done=0
[R2] t=781 pos=(9, 5) state=IDLE batt=100% done=0
[R1] t=781 pos=(9, 2) state=IDLE batt=100% done=0
[R3] t=781 pos=(9, 8) state=IDLE batt=100% done=0
[R4] t=782 pos=(9, 11) state=IDLE batt=100% done=0
[R2] t=782 pos=(9, 5) state=IDLE batt=100% done=0
[R1] t=782 pos=(9, 2) state=IDLE batt=100% done=0
[R3] t=782 pos=(9, 8) state=IDLE batt=100% done=0
[R4] t=783 pos=(9, 11) state=IDLE batt=100% done=0
[R2] t=783 pos=(9, 5) state=IDLE batt=100% done=0
[R1] t=783 pos=(9, 2) state=IDLE batt=100% done=0
[R3] t=783 pos=(9, 8) state=IDLE batt=100% done=0
[R4] t=784 pos=(9, 11) state=IDLE batt=100% done=0
[R2] t=784 pos=(9, 5) state=IDLE batt=100% done=0
[R1] t=784 pos=(9, 2) state=IDLE batt=100% done=0
[R3] t=784 pos=(9, 8) state=IDLE batt=100% done=0
[R4] t=785 pos=(9, 11) state=IDLE batt=100% done=0
[R2] t=785 pos=(9, 5) state=IDLE batt=100% done=0
[R1] t=785 pos=(9, 2) state=IDLE batt=100% done=0
[R3] t=785 pos=(9, 8) state=IDLE batt=100% done=0
[R4] t=786 pos=(9, 11) state=IDLE batt=100% done=0
[R1] t=786 pos=(9, 2) state=IDLE batt=100% done=0
[R2] t=786 pos=(9, 5) state=IDLE batt=100% done=0
[R3] t=786 pos=(9, 8) state=IDLE batt=100% done=0
[R4] t=787 pos=(9, 11) state=IDLE batt=100% done=0
[R2] t=787 pos=(9, 5) state=IDLE batt=100% done=0
[R1] t=787 pos=(9, 2) state=IDLE batt=100% done=0
[R3] t=787 pos=(9, 8) state=IDLE batt=100% done=0
[R4] t=788 pos=(9, 11) state=IDLE batt=100% done=0
[R1] t=788 pos=(9, 2) state=IDLE batt=100% done=0
[R2] t=788 pos=(9, 5) state=IDLE batt=100% done=0
[R3] t=788 pos=(9, 8) state=IDLE batt=100% done=0
[R4] t=789 pos=(9, 11) state=IDLE batt=100% done=0
[R2] t=789 pos=(9, 5) state=IDLE batt=100% done=0
[R1] t=789 pos=(9, 2) state=IDLE batt=100% done=0
[R3] t=789 pos=(9, 8) state=IDLE batt=100% done=0
[R4] t=790 pos=(9, 11) state=IDLE batt=100% done=0
[R1] t=790 pos=(9, 2) state=IDLE batt=100% done=0
[R2] t=790 pos=(9, 5) state=IDLE batt=100% done=0
[R3] t=790 pos=(9, 8) state=IDLE batt=100% done=0
[R4] t=791 pos=(9, 11) state=IDLE batt=100% done=0
[R2] t=791 pos=(9, 5) state=IDLE batt=100% done=0
[R1] t=791 pos=(9, 2) state=IDLE batt=100% done=0
[R3] t=791 pos=(9, 8) state=IDLE batt=100% done=0
[R4] t=792 pos=(9, 11) state=IDLE batt=100% done=0
[R2] t=792 pos=(9, 5) state=IDLE batt=100% done=0
[R1] t=792 pos=(9, 2) state=IDLE batt=100% done=0
[R3] t=792 pos=(9, 8) state=IDLE batt=100% done=0
[R4] t=793 pos=(9, 11) state=IDLE batt=100% done=0
[R2] t=793 pos=(9, 5) state=IDLE batt=100% done=0
[R1] t=793 pos=(9, 2) state=IDLE batt=100% done=0
[R3] t=793 pos=(9, 8) state=IDLE batt=100% done=0
[R4] t=794 pos=(9, 11) state=IDLE batt=100% done=0
[R2] t=794 pos=(9, 5) state=IDLE batt=100% done=0
[R1] t=794 pos=(9, 2) state=IDLE batt=100% done=0
[R3] t=794 pos=(9, 8) state=IDLE batt=100% done=0
[R4] t=795 pos=(9, 11) state=IDLE batt=100% done=0
[R2] t=795 pos=(9, 5) state=IDLE batt=100% done=0
[R1] t=795 pos=(9, 2) state=IDLE batt=100% done=0
[R3] t=795 pos=(9, 8) state=IDLE batt=100% done=0
[R4] t=796 pos=(9, 11) state=IDLE batt=100% done=0
[R1] t=796 pos=(9, 2) state=IDLE batt=100% done=0
[R2] t=796 pos=(9, 5) state=IDLE batt=100% done=0
[R3] t=796 pos=(9, 8) state=IDLE batt=100% done=0
[R4] t=797 pos=(9, 11) state=IDLE batt=100% done=0
[R1] t=797 pos=(9, 2) state=IDLE batt=100% done=0
[R2] t=797 pos=(9, 5) state=IDLE batt=100% done=0
[R3] t=797 pos=(9, 8) state=IDLE batt=100% done=0
[R4] t=798 pos=(9, 11) state=IDLE batt=100% done=0
[R2] t=798 pos=(9, 5) state=IDLE batt=100% done=0
[R1] t=798 pos=(9, 2) state=IDLE batt=100% done=0
[R3] t=798 pos=(9, 8) state=IDLE batt=100% done=0
[R4] t=799 pos=(9, 11) state=IDLE batt=100% done=0
[R2] t=799 pos=(9, 5) state=IDLE batt=100% done=0
[R1] t=799 pos=(9, 2) state=IDLE batt=100% done=0
[R3] t=799 pos=(9, 8) state=IDLE batt=100% done=0
[R4] t=800 pos=(9, 11) state=IDLE batt=100% done=0
[R2] t=800 pos=(9, 5) state=IDLE batt=100% done=0
[R1] t=800 pos=(9, 2) state=IDLE batt=100% done=0
[R3] t=800 pos=(9, 8) state=IDLE batt=100% done=0
[R4] t=801 pos=(9, 11) state=IDLE batt=100% done=0
[R2] t=801 pos=(9, 5) state=IDLE batt=100% done=0
[R1] t=801 pos=(9, 2) state=IDLE batt=100% done=0
[R3] t=801 pos=(9, 8) state=IDLE batt=100% done=0
[R4] t=802 pos=(9, 11) state=IDLE batt=100% done=0
[R2] t=802 pos=(9, 5) state=IDLE batt=100% done=0
[R1] t=802 pos=(9, 2) state=IDLE batt=100% done=0
[R3] t=802 pos=(9, 8) state=IDLE batt=100% done=0
[R4] t=803 pos=(9, 11) state=IDLE batt=100% done=0
[R1] t=803 pos=(9, 2) state=IDLE batt=100% done=0
[R2] t=803 pos=(9, 5) state=IDLE batt=100% done=0
[R3] t=803 pos=(9, 8) state=IDLE batt=100% done=0
[R4] t=804 pos=(9, 11) state=IDLE batt=100% done=0
[R2] t=804 pos=(9, 5) state=IDLE batt=100% done=0
[R1] t=804 pos=(9, 2) state=IDLE batt=100% done=0
[R3] t=804 pos=(9, 8) state=IDLE batt=100% done=0
[R4] t=805 pos=(9, 11) state=IDLE batt=100% done=0
[R1] t=805 pos=(9, 2) state=IDLE batt=100% done=0
[R2] t=805 pos=(9, 5) state=IDLE batt=100% done=0
[R3] t=805 pos=(9, 8) state=IDLE batt=100% done=0
[R4] t=806 pos=(9, 11) state=IDLE batt=100% done=0
[R1] t=806 pos=(9, 2) state=IDLE batt=100% done=0
[R2] t=806 pos=(9, 5) state=IDLE batt=100% done=0
[R3] t=806 pos=(9, 8) state=IDLE batt=100% done=0
[R4] t=807 pos=(9, 11) state=IDLE batt=100% done=0
[R1] t=807 pos=(9, 2) state=IDLE batt=100% done=0
[R2] t=807 pos=(9, 5) state=IDLE batt=100% done=0
[R3] t=807 pos=(9, 8) state=IDLE batt=100% done=0
[R4] t=808 pos=(9, 11) state=IDLE batt=100% done=0
[R1] t=808 pos=(9, 2) state=IDLE batt=100% done=0
[R2] t=808 pos=(9, 5) state=IDLE batt=100% done=0
[R3] t=808 pos=(9, 8) state=IDLE batt=100% done=0
[R4] t=809 pos=(9, 11) state=IDLE batt=100% done=0
[R1] t=809 pos=(9, 2) state=IDLE batt=100% done=0
[R2] t=809 pos=(9, 5) state=IDLE batt=100% done=0
[R3] t=809 pos=(9, 8) state=IDLE batt=100% done=0
[R4] t=810 pos=(9, 11) state=IDLE batt=100% done=0
[R2] t=810 pos=(9, 5) state=IDLE batt=100% done=0
[R1] t=810 pos=(9, 2) state=IDLE batt=100% done=0
[R3] t=810 pos=(9, 8) state=IDLE batt=100% done=0
[R4] t=811 pos=(9, 11) state=IDLE batt=100% done=0
[R1] t=811 pos=(9, 2) state=IDLE batt=100% done=0
[R2] t=811 pos=(9, 5) state=IDLE batt=100% done=0
[R3] t=811 pos=(9, 8) state=IDLE batt=100% done=0
[R4] t=812 pos=(9, 11) state=IDLE batt=100% done=0
[R1] t=812 pos=(9, 2) state=IDLE batt=100% done=0
[R2] t=812 pos=(9, 5) state=IDLE batt=100% done=0
[R3] t=812 pos=(9, 8) state=IDLE batt=100% done=0
[R4] t=813 pos=(9, 11) state=IDLE batt=100% done=0
[R1] t=813 pos=(9, 2) state=IDLE batt=100% done=0
[R2] t=813 pos=(9, 5) state=IDLE batt=100% done=0
[R3] t=813 pos=(9, 8) state=IDLE batt=100% done=0
[R4] t=814 pos=(9, 11) state=IDLE batt=100% done=0
[R1] t=814 pos=(9, 2) state=IDLE batt=100% done=0
[R2] t=814 pos=(9, 5) state=IDLE batt=100% done=0
[R3] t=814 pos=(9, 8) state=IDLE batt=100% done=0
[R4] t=815 pos=(9, 11) state=IDLE batt=100% done=0
[R2] t=815 pos=(9, 5) state=IDLE batt=100% done=0
[R1] t=815 pos=(9, 2) state=IDLE batt=100% done=0
[R3] t=815 pos=(9, 8) state=IDLE batt=100% done=0
[R4] t=816 pos=(9, 11) state=IDLE batt=100% done=0
[R2] t=816 pos=(9, 5) state=IDLE batt=100% done=0
[R1] t=816 pos=(9, 2) state=IDLE batt=100% done=0
[R3] t=816 pos=(9, 8) state=IDLE batt=100% done=0
[R4] t=817 pos=(9, 11) state=IDLE batt=100% done=0
[R1] t=817 pos=(9, 2) state=IDLE batt=100% done=0
[R2] t=817 pos=(9, 5) state=IDLE batt=100% done=0
[R3] t=817 pos=(9, 8) state=IDLE batt=100% done=0
[R4] t=818 pos=(9, 11) state=IDLE batt=100% done=0
[R1] t=818 pos=(9, 2) state=IDLE batt=100% done=0
[R2] t=818 pos=(9, 5) state=IDLE batt=100% done=0
[R3] t=818 pos=(9, 8) state=IDLE batt=100% done=0
[R1] t=819 pos=(9, 2) state=IDLE batt=100% done=0
[R4] t=819 pos=(9, 11) state=IDLE batt=100% done=0
[R2] t=819 pos=(9, 5) state=IDLE batt=100% done=0
[R3] t=819 pos=(9, 8) state=IDLE batt=100% done=0
[R1] t=820 pos=(9, 2) state=IDLE batt=100% done=0
[R4] t=820 pos=(9, 11) state=IDLE batt=100% done=0
[R2] t=820 pos=(9, 5) state=IDLE batt=100% done=0
[R3] t=820 pos=(9, 8) state=IDLE batt=100% done=0
[R1] t=821 pos=(9, 2) state=IDLE batt=100% done=0
[R2] t=821 pos=(9, 5) state=IDLE batt=100% done=0
[R4] t=821 pos=(9, 11) state=IDLE batt=100% done=0
[R3] t=821 pos=(9, 8) state=IDLE batt=100% done=0
[R2] t=822 pos=(9, 5) state=IDLE batt=100% done=0
[R1] t=822 pos=(9, 2) state=IDLE batt=100% done=0
[R4] t=822 pos=(9, 11) state=IDLE batt=100% done=0
[R3] t=822 pos=(9, 8) state=IDLE batt=100% done=0
[R1] t=823 pos=(9, 2) state=IDLE batt=100% done=0
[R2] t=823 pos=(9, 5) state=IDLE batt=100% done=0
[R4] t=823 pos=(9, 11) state=IDLE batt=100% done=0
[R3] t=823 pos=(9, 8) state=IDLE batt=100% done=0
[R1] t=824 pos=(9, 2) state=IDLE batt=100% done=0
[R4] t=824 pos=(9, 11) state=IDLE batt=100% done=0
[R2] t=824 pos=(9, 5) state=IDLE batt=100% done=0
[R3] t=824 pos=(9, 8) state=IDLE batt=100% done=0
[R2] t=825 pos=(9, 5) state=IDLE batt=100% done=0
[R1] t=825 pos=(9, 2) state=IDLE batt=100% done=0
[R4] t=825 pos=(9, 11) state=IDLE batt=100% done=0
[R3] t=825 pos=(9, 8) state=IDLE batt=100% done=0
[R4] t=826 pos=(9, 11) state=IDLE batt=100% done=0
[R1] t=826 pos=(9, 2) state=IDLE batt=100% done=0
[R2] t=826 pos=(9, 5) state=IDLE batt=100% done=0
[R3] t=826 pos=(9, 8) state=IDLE batt=100% done=0
[R2] t=827 pos=(9, 5) state=IDLE batt=100% done=0
[R4] t=827 pos=(9, 11) state=IDLE batt=100% done=0
[R1] t=827 pos=(9, 2) state=IDLE batt=100% done=0
[R3] t=827 pos=(9, 8) state=IDLE batt=100% done=0
[R4] t=828 pos=(9, 11) state=IDLE batt=100% done=0
[R2] t=828 pos=(9, 5) state=IDLE batt=100% done=0
[R1] t=828 pos=(9, 2) state=IDLE batt=100% done=0
[R3] t=828 pos=(9, 8) state=IDLE batt=100% done=0
[R4] t=829 pos=(9, 11) state=IDLE batt=100% done=0
[R2] t=829 pos=(9, 5) state=IDLE batt=100% done=0
[R1] t=829 pos=(9, 2) state=IDLE batt=100% done=0
[R3] t=829 pos=(9, 8) state=IDLE batt=100% done=0
[R4] t=830 pos=(9, 11) state=IDLE batt=100% done=0
[R1] t=830 pos=(9, 2) state=IDLE batt=100% done=0
[R2] t=830 pos=(9, 5) state=IDLE batt=100% done=0
[R3] t=830 pos=(9, 8) state=IDLE batt=100% done=0
[R1] t=831 pos=(9, 2) state=IDLE batt=100% done=0
[R4] t=831 pos=(9, 11) state=IDLE batt=100% done=0
[R2] t=831 pos=(9, 5) state=IDLE batt=100% done=0
[R3] t=831 pos=(9, 8) state=IDLE batt=100% done=0
[R1] t=832 pos=(9, 2) state=IDLE batt=100% done=0
[R4] t=832 pos=(9, 11) state=IDLE batt=100% done=0
[R2] t=832 pos=(9, 5) state=IDLE batt=100% done=0
[R3] t=832 pos=(9, 8) state=IDLE batt=100% done=0
[R2] t=833 pos=(9, 5) state=IDLE batt=100% done=0
[R1] t=833 pos=(9, 2) state=IDLE batt=100% done=0
[R4] t=833 pos=(9, 11) state=IDLE batt=100% done=0
[R3] t=833 pos=(9, 8) state=IDLE batt=100% done=0
[R1] t=834 pos=(9, 2) state=IDLE batt=100% done=0
[R2] t=834 pos=(9, 5) state=IDLE batt=100% done=0
[R4] t=834 pos=(9, 11) state=IDLE batt=100% done=0
[R3] t=834 pos=(9, 8) state=IDLE batt=100% done=0
[R1] t=835 pos=(9, 2) state=IDLE batt=100% done=0
[R4] t=835 pos=(9, 11) state=IDLE batt=100% done=0
[R2] t=835 pos=(9, 5) state=IDLE batt=100% done=0
[R3] t=835 pos=(9, 8) state=IDLE batt=100% done=0
[R1] t=836 pos=(9, 2) state=IDLE batt=100% done=0
[R2] t=836 pos=(9, 5) state=IDLE batt=100% done=0
[R4] t=836 pos=(9, 11) state=IDLE batt=100% done=0
[R3] t=836 pos=(9, 8) state=IDLE batt=100% done=0
[R1] t=837 pos=(9, 2) state=IDLE batt=100% done=0
[R2] t=837 pos=(9, 5) state=IDLE batt=100% done=0
[R4] t=837 pos=(9, 11) state=IDLE batt=100% done=0
[R3] t=837 pos=(9, 8) state=IDLE batt=100% done=0
[R1] t=838 pos=(9, 2) state=IDLE batt=100% done=0
[R2] t=838 pos=(9, 5) state=IDLE batt=100% done=0
[R4] t=838 pos=(9, 11) state=IDLE batt=100% done=0
[R3] t=838 pos=(9, 8) state=IDLE batt=100% done=0
[R1] t=839 pos=(9, 2) state=IDLE batt=100% done=0
[R4] t=839 pos=(9, 11) state=IDLE batt=100% done=0
[R2] t=839 pos=(9, 5) state=IDLE batt=100% done=0
[R3] t=839 pos=(9, 8) state=IDLE batt=100% done=0
[R1] t=840 pos=(9, 2) state=IDLE batt=100% done=0
[R4] t=840 pos=(9, 11) state=IDLE batt=100% done=0
[R2] t=840 pos=(9, 5) state=IDLE batt=100% done=0
[R3] t=840 pos=(9, 8) state=IDLE batt=100% done=0
[R4] t=841 pos=(9, 11) state=IDLE batt=100% done=0
[R1] t=841 pos=(9, 2) state=IDLE batt=100% done=0
[R2] t=841 pos=(9, 5) state=IDLE batt=100% done=0
[R3] t=841 pos=(9, 8) state=IDLE batt=100% done=0
[R1] t=842 pos=(9, 2) state=IDLE batt=100% done=0
[R4] t=842 pos=(9, 11) state=IDLE batt=100% done=0
[R2] t=842 pos=(9, 5) state=IDLE batt=100% done=0
[R3] t=842 pos=(9, 8) state=IDLE batt=100% done=0
[R1] t=843 pos=(9, 2) state=IDLE batt=100% done=0
[R4] t=843 pos=(9, 11) state=IDLE batt=100% done=0
[R2] t=843 pos=(9, 5) state=IDLE batt=100% done=0
[R3] t=843 pos=(9, 8) state=IDLE batt=100% done=0
[R1] t=844 pos=(9, 2) state=IDLE batt=100% done=0
[R2] t=844 pos=(9, 5) state=IDLE batt=100% done=0
[R4] t=844 pos=(9, 11) state=IDLE batt=100% done=0
[R3] t=844 pos=(9, 8) state=IDLE batt=100% done=0
[R1] t=845 pos=(9, 2) state=IDLE batt=100% done=0
[R2] t=845 pos=(9, 5) state=IDLE batt=100% done=0
[R4] t=845 pos=(9, 11) state=IDLE batt=100% done=0
[R3] t=845 pos=(9, 8) state=IDLE batt=100% done=0
[R4] t=846 pos=(9, 11) state=IDLE batt=100% done=0
[R2] t=846 pos=(9, 5) state=IDLE batt=100% done=0
[R1] t=846 pos=(9, 2) state=IDLE batt=100% done=0
[R3] t=846 pos=(9, 8) state=IDLE batt=100% done=0
[R4] t=847 pos=(9, 11) state=IDLE batt=100% done=0
[R2] t=847 pos=(9, 5) state=IDLE batt=100% done=0
[R1] t=847 pos=(9, 2) state=IDLE batt=100% done=0
[R3] t=847 pos=(9, 8) state=IDLE batt=100% done=0
[R2] t=848 pos=(9, 5) state=IDLE batt=100% done=0
[R1] t=848 pos=(9, 2) state=IDLE batt=100% done=0
[R4] t=848 pos=(9, 11) state=IDLE batt=100% done=0
[R3] t=848 pos=(9, 8) state=IDLE batt=100% done=0
[R2] t=849 pos=(9, 5) state=IDLE batt=100% done=0
[R4] t=849 pos=(9, 11) state=IDLE batt=100% done=0
[R1] t=849 pos=(9, 2) state=IDLE batt=100% done=0
[R3] t=849 pos=(9, 8) state=IDLE batt=100% done=0
[R4] t=850 pos=(9, 11) state=IDLE batt=100% done=0
[R2] t=850 pos=(9, 5) state=IDLE batt=100% done=0
[R1] t=850 pos=(9, 2) state=IDLE batt=100% done=0
[R3] t=850 pos=(9, 8) state=IDLE batt=100% done=0
[R1] t=851 pos=(9, 2) state=IDLE batt=100% done=0
[R2] t=851 pos=(9, 5) state=IDLE batt=100% done=0
[R4] t=851 pos=(9, 11) state=IDLE batt=100% done=0
[R3] t=851 pos=(9, 8) state=IDLE batt=100% done=0
[R1] t=852 pos=(9, 2) state=IDLE batt=100% done=0
[R2] t=852 pos=(9, 5) state=IDLE batt=100% done=0
[R4] t=852 pos=(9, 11) state=IDLE batt=100% done=0
[R3] t=852 pos=(9, 8) state=IDLE batt=100% done=0
[R2] t=853 pos=(9, 5) state=IDLE batt=100% done=0
[R4] t=853 pos=(9, 11) state=IDLE batt=100% done=0
[R1] t=853 pos=(9, 2) state=IDLE batt=100% done=0
[R3] t=853 pos=(9, 8) state=IDLE batt=100% done=0
[R4] t=854 pos=(9, 11) state=IDLE batt=100% done=0
[R1] t=854 pos=(9, 2) state=IDLE batt=100% done=0
[R2] t=854 pos=(9, 5) state=IDLE batt=100% done=0
[R3] t=854 pos=(9, 8) state=IDLE batt=100% done=0
[R4] t=855 pos=(9, 11) state=IDLE batt=100% done=0
[R1] t=855 pos=(9, 2) state=IDLE batt=100% done=0
[R2] t=855 pos=(9, 5) state=IDLE batt=100% done=0
[R3] t=855 pos=(9, 8) state=IDLE batt=100% done=0
[R1] t=856 pos=(9, 2) state=IDLE batt=100% done=0
[R4] t=856 pos=(9, 11) state=IDLE batt=100% done=0
[R2] t=856 pos=(9, 5) state=IDLE batt=100% done=0
[R3] t=856 pos=(9, 8) state=IDLE batt=100% done=0
[R1] t=857 pos=(9, 2) state=IDLE batt=100% done=0
[R4] t=857 pos=(9, 11) state=IDLE batt=100% done=0
[R2] t=857 pos=(9, 5) state=IDLE batt=100% done=0
[R3] t=857 pos=(9, 8) state=IDLE batt=100% done=0
[R2] t=858 pos=(9, 5) state=IDLE batt=100% done=0
[R1] t=858 pos=(9, 2) state=IDLE batt=100% done=0
[R4] t=858 pos=(9, 11) state=IDLE batt=100% done=0
[R3] t=858 pos=(9, 8) state=IDLE batt=100% done=0
[R1] t=859 pos=(9, 2) state=IDLE batt=100% done=0
[R4] t=859 pos=(9, 11) state=IDLE batt=100% done=0
[R2] t=859 pos=(9, 5) state=IDLE batt=100% done=0
[R3] t=859 pos=(9, 8) state=IDLE batt=100% done=0
[R1] t=860 pos=(9, 2) state=IDLE batt=100% done=0
[R2] t=860 pos=(9, 5) state=IDLE batt=100% done=0
[R4] t=860 pos=(9, 11) state=IDLE batt=100% done=0
[R3] t=860 pos=(9, 8) state=IDLE batt=100% done=0
[R2] t=861 pos=(9, 5) state=IDLE batt=100% done=0
[R1] t=861 pos=(9, 2) state=IDLE batt=100% done=0
[R4] t=861 pos=(9, 11) state=IDLE batt=100% done=0
[R3] t=861 pos=(9, 8) state=IDLE batt=100% done=0
[R2] t=862 pos=(9, 5) state=IDLE batt=100% done=0
[R1] t=862 pos=(9, 2) state=IDLE batt=100% done=0
[R4] t=862 pos=(9, 11) state=IDLE batt=100% done=0
[R3] t=862 pos=(9, 8) state=IDLE batt=100% done=0
[R2] t=863 pos=(9, 5) state=IDLE batt=100% done=0
[R1] t=863 pos=(9, 2) state=IDLE batt=100% done=0
[R4] t=863 pos=(9, 11) state=IDLE batt=100% done=0
[R3] t=863 pos=(9, 8) state=IDLE batt=100% done=0
[R2] t=864 pos=(9, 5) state=IDLE batt=100% done=0
[R4] t=864 pos=(9, 11) state=IDLE batt=100% done=0
[R1] t=864 pos=(9, 2) state=IDLE batt=100% done=0
[R3] t=864 pos=(9, 8) state=IDLE batt=100% done=0
[R2] t=865 pos=(9, 5) state=IDLE batt=100% done=0
[R4] t=865 pos=(9, 11) state=IDLE batt=100% done=0
[R1] t=865 pos=(9, 2) state=IDLE batt=100% done=0
[R3] t=865 pos=(9, 8) state=IDLE batt=100% done=0
[R2] t=866 pos=(9, 5) state=IDLE batt=100% done=0
[R1] t=866 pos=(9, 2) state=IDLE batt=100% done=0
[R4] t=866 pos=(9, 11) state=IDLE batt=100% done=0
[R3] t=866 pos=(9, 8) state=IDLE batt=100% done=0
[R2] t=867 pos=(9, 5) state=IDLE batt=100% done=0
[R1] t=867 pos=(9, 2) state=IDLE batt=100% done=0
[R4] t=867 pos=(9, 11) state=IDLE batt=100% done=0
[R3] t=867 pos=(9, 8) state=IDLE batt=100% done=0
[R2] t=868 pos=(9, 5) state=IDLE batt=100% done=0
[R4] t=868 pos=(9, 11) state=IDLE batt=100% done=0
[R1] t=868 pos=(9, 2) state=IDLE batt=100% done=0
[R3] t=868 pos=(9, 8) state=IDLE batt=100% done=0
[R2] t=869 pos=(9, 5) state=IDLE batt=100% done=0
[R4] t=869 pos=(9, 11) state=IDLE batt=100% done=0
[R1] t=869 pos=(9, 2) state=IDLE batt=100% done=0
[R3] t=869 pos=(9, 8) state=IDLE batt=100% done=0
[R2] t=870 pos=(9, 5) state=IDLE batt=100% done=0
[R4] t=870 pos=(9, 11) state=IDLE batt=100% done=0
[R1] t=870 pos=(9, 2) state=IDLE batt=100% done=0
[R3] t=870 pos=(9, 8) state=IDLE batt=100% done=0
[R2] t=871 pos=(9, 5) state=IDLE batt=100% done=0
[R4] t=871 pos=(9, 11) state=IDLE batt=100% done=0
[R1] t=871 pos=(9, 2) state=IDLE batt=100% done=0
[R3] t=871 pos=(9, 8) state=IDLE batt=100% done=0
[R2] t=872 pos=(9, 5) state=IDLE batt=100% done=0
[R1] t=872 pos=(9, 2) state=IDLE batt=100% done=0
[R4] t=872 pos=(9, 11) state=IDLE batt=100% done=0
[R3] t=872 pos=(9, 8) state=IDLE batt=100% done=0
[R4] t=873 pos=(9, 11) state=IDLE batt=100% done=0
[R2] t=873 pos=(9, 5) state=IDLE batt=100% done=0
[R1] t=873 pos=(9, 2) state=IDLE batt=100% done=0
[R3] t=873 pos=(9, 8) state=IDLE batt=100% done=0
[R4] t=874 pos=(9, 11) state=IDLE batt=100% done=0
[R2] t=874 pos=(9, 5) state=IDLE batt=100% done=0
[R1] t=874 pos=(9, 2) state=IDLE batt=100% done=0
[R3] t=874 pos=(9, 8) state=IDLE batt=100% done=0
[R4] t=875 pos=(9, 11) state=IDLE batt=100% done=0
[R1] t=875 pos=(9, 2) state=IDLE batt=100% done=0
[R2] t=875 pos=(9, 5) state=IDLE batt=100% done=0
[R3] t=875 pos=(9, 8) state=IDLE batt=100% done=0
[R4] t=876 pos=(9, 11) state=IDLE batt=100% done=0
[R1] t=876 pos=(9, 2) state=IDLE batt=100% done=0
[R2] t=876 pos=(9, 5) state=IDLE batt=100% done=0
[R3] t=876 pos=(9, 8) state=IDLE batt=100% done=0
[R4] t=877 pos=(9, 11) state=IDLE batt=100% done=0
[R2] t=877 pos=(9, 5) state=IDLE batt=100% done=0
[R1] t=877 pos=(9, 2) state=IDLE batt=100% done=0
[R3] t=877 pos=(9, 8) state=IDLE batt=100% done=0
[R4] t=878 pos=(9, 11) state=IDLE batt=100% done=0
[R2] t=878 pos=(9, 5) state=IDLE batt=100% done=0
[R1] t=878 pos=(9, 2) state=IDLE batt=100% done=0
[R3] t=878 pos=(9, 8) state=IDLE batt=100% done=0
[R2] t=879 pos=(9, 5) state=IDLE batt=100% done=0
[R1] t=879 pos=(9, 2) state=IDLE batt=100% done=0
[R4] t=879 pos=(9, 11) state=IDLE batt=100% done=0
[R3] t=879 pos=(9, 8) state=IDLE batt=100% done=0
[R1] t=880 pos=(9, 2) state=IDLE batt=100% done=0
[R4] t=880 pos=(9, 11) state=IDLE batt=100% done=0
[R2] t=880 pos=(9, 5) state=IDLE batt=100% done=0
[R3] t=880 pos=(9, 8) state=IDLE batt=100% done=0
[R4] t=881 pos=(9, 11) state=IDLE batt=100% done=0
[R1] t=881 pos=(9, 2) state=IDLE batt=100% done=0
[R2] t=881 pos=(9, 5) state=IDLE batt=100% done=0
[R3] t=881 pos=(9, 8) state=IDLE batt=100% done=0
[R4] t=882 pos=(9, 11) state=IDLE batt=100% done=0
[R1] t=882 pos=(9, 2) state=IDLE batt=100% done=0
[R2] t=882 pos=(9, 5) state=IDLE batt=100% done=0
[R3] t=882 pos=(9, 8) state=IDLE batt=100% done=0
[R4] t=883 pos=(9, 11) state=IDLE batt=100% done=0
[R1] t=883 pos=(9, 2) state=IDLE batt=100% done=0
[R2] t=883 pos=(9, 5) state=IDLE batt=100% done=0
[R3] t=883 pos=(9, 8) state=IDLE batt=100% done=0
[R1] t=884 pos=(9, 2) state=IDLE batt=100% done=0
[R4] t=884 pos=(9, 11) state=IDLE batt=100% done=0
[R2] t=884 pos=(9, 5) state=IDLE batt=100% done=0
[R3] t=884 pos=(9, 8) state=IDLE batt=100% done=0
[R4] t=885 pos=(9, 11) state=IDLE batt=100% done=0
[R1] t=885 pos=(9, 2) state=IDLE batt=100% done=0
[R2] t=885 pos=(9, 5) state=IDLE batt=100% done=0
[R3] t=885 pos=(9, 8) state=IDLE batt=100% done=0
[R4] t=886 pos=(9, 11) state=IDLE batt=100% done=0
[R1] t=886 pos=(9, 2) state=IDLE batt=100% done=0
[R2] t=886 pos=(9, 5) state=IDLE batt=100% done=0
[R3] t=886 pos=(9, 8) state=IDLE batt=100% done=0
[R4] t=887 pos=(9, 11) state=IDLE batt=100% done=0
[R1] t=887 pos=(9, 2) state=IDLE batt=100% done=0
[R2] t=887 pos=(9, 5) state=IDLE batt=100% done=0
[R3] t=887 pos=(9, 8) state=IDLE batt=100% done=0
[R4] t=888 pos=(9, 11) state=IDLE batt=100% done=0
[R1] t=888 pos=(9, 2) state=IDLE batt=100% done=0
[R2] t=888 pos=(9, 5) state=IDLE batt=100% done=0
[R3] t=888 pos=(9, 8) state=IDLE batt=100% done=0
[R4] t=889 pos=(9, 11) state=IDLE batt=100% done=0
[R2] t=889 pos=(9, 5) state=IDLE batt=100% done=0
[R1] t=889 pos=(9, 2) state=IDLE batt=100% done=0
[R3] t=889 pos=(9, 8) state=IDLE batt=100% done=0
[R4] t=890 pos=(9, 11) state=IDLE batt=100% done=0
[R2] t=890 pos=(9, 5) state=IDLE batt=100% done=0
[R1] t=890 pos=(9, 2) state=IDLE batt=100% done=0
[R3] t=890 pos=(9, 8) state=IDLE batt=100% done=0
[R4] t=891 pos=(9, 11) state=IDLE batt=100% done=0
[R2] t=891 pos=(9, 5) state=IDLE batt=100% done=0
[R1] t=891 pos=(9, 2) state=IDLE batt=100% done=0
[R3] t=891 pos=(9, 8) state=IDLE batt=100% done=0
[R2] t=892 pos=(9, 5) state=IDLE batt=100% done=0
[R4] t=892 pos=(9, 11) state=IDLE batt=100% done=0
[R1] t=892 pos=(9, 2) state=IDLE batt=100% done=0
[R3] t=892 pos=(9, 8) state=IDLE batt=100% done=0
[R2] t=893 pos=(9, 5) state=IDLE batt=100% done=0
[R4] t=893 pos=(9, 11) state=IDLE batt=100% done=0
[R1] t=893 pos=(9, 2) state=IDLE batt=100% done=0
[R3] t=893 pos=(9, 8) state=IDLE batt=100% done=0
[R2] t=894 pos=(9, 5) state=IDLE batt=100% done=0
[R4] t=894 pos=(9, 11) state=IDLE batt=100% done=0
[R1] t=894 pos=(9, 2) state=IDLE batt=100% done=0
[R3] t=894 pos=(9, 8) state=IDLE batt=100% done=0
[R1] t=895 pos=(9, 2) state=IDLE batt=100% done=0
[R2] t=895 pos=(9, 5) state=IDLE batt=100% done=0
[R4] t=895 pos=(9, 11) state=IDLE batt=100% done=0
[R3] t=895 pos=(9, 8) state=IDLE batt=100% done=0
[R1] t=896 pos=(9, 2) state=IDLE batt=100% done=0
[R4] t=896 pos=(9, 11) state=IDLE batt=100% done=0
[R2] t=896 pos=(9, 5) state=IDLE batt=100% done=0
[R3] t=896 pos=(9, 8) state=IDLE batt=100% done=0
[R1] t=897 pos=(9, 2) state=IDLE batt=100% done=0
[R2] t=897 pos=(9, 5) state=IDLE batt=100% done=0
[R4] t=897 pos=(9, 11) state=IDLE batt=100% done=0
[R3] t=897 pos=(9, 8) state=IDLE batt=100% done=0
[R1] t=898 pos=(9, 2) state=IDLE batt=100% done=0
[R2] t=898 pos=(9, 5) state=IDLE batt=100% done=0
[R4] t=898 pos=(9, 11) state=IDLE batt=100% done=0
[R3] t=898 pos=(9, 8) state=IDLE batt=100% done=0
[R2] t=899 pos=(9, 5) state=IDLE batt=100% done=0
[R1] t=899 pos=(9, 2) state=IDLE batt=100% done=0
[R4] t=899 pos=(9, 11) state=IDLE batt=100% done=0
[R3] t=899 pos=(9, 8) state=IDLE batt=100% done=0
[R1] t=900 pos=(9, 2) state=IDLE batt=100% done=0
[R2] t=900 pos=(9, 5) state=IDLE batt=100% done=0
[R4] t=900 pos=(9, 11) state=IDLE batt=100% done=0
[R3] t=900 pos=(9, 8) state=IDLE batt=100% done=0
[R1] t=901 pos=(9, 2) state=IDLE batt=100% done=0
[R2] t=901 pos=(9, 5) state=IDLE batt=100% done=0
[R4] t=901 pos=(9, 11) state=IDLE batt=100% done=0
[R3] t=901 pos=(9, 8) state=IDLE batt=100% done=0
[R1] t=902 pos=(9, 2) state=IDLE batt=100% done=0
[R2] t=902 pos=(9, 5) state=IDLE batt=100% done=0
[R4] t=902 pos=(9, 11) state=IDLE batt=100% done=0
[R3] t=902 pos=(9, 8) state=IDLE batt=100% done=0
[R1] t=903 pos=(9, 2) state=IDLE batt=100% done=0
[R2] t=903 pos=(9, 5) state=IDLE batt=100% done=0
[R4] t=903 pos=(9, 11) state=IDLE batt=100% done=0
[R3] t=903 pos=(9, 8) state=IDLE batt=100% done=0
[R1] t=904 pos=(9, 2) state=IDLE batt=100% done=0
[R2] t=904 pos=(9, 5) state=IDLE batt=100% done=0
[R4] t=904 pos=(9, 11) state=IDLE batt=100% done=0
[R3] t=904 pos=(9, 8) state=IDLE batt=100% done=0
[R1] t=905 pos=(9, 2) state=IDLE batt=100% done=0
[R4] t=905 pos=(9, 11) state=IDLE batt=100% done=0
[R2] t=905 pos=(9, 5) state=IDLE batt=100% done=0
[R3] t=905 pos=(9, 8) state=IDLE batt=100% done=0
[R1] t=906 pos=(9, 2) state=IDLE batt=100% done=0
[R2] t=906 pos=(9, 5) state=IDLE batt=100% done=0
[R4] t=906 pos=(9, 11) state=IDLE batt=100% done=0
[R3] t=906 pos=(9, 8) state=IDLE batt=100% done=0
[R1] t=907 pos=(9, 2) state=IDLE batt=100% done=0
[R4] t=907 pos=(9, 11) state=IDLE batt=100% done=0
[R2] t=907 pos=(9, 5) state=IDLE batt=100% done=0
[R3] t=907 pos=(9, 8) state=IDLE batt=100% done=0
[R1] t=908 pos=(9, 2) state=IDLE batt=100% done=0
[R2] t=908 pos=(9, 5) state=IDLE batt=100% done=0
[R4] t=908 pos=(9, 11) state=IDLE batt=100% done=0
[R3] t=908 pos=(9, 8) state=IDLE batt=100% done=0
[R1] t=909 pos=(9, 2) state=IDLE batt=100% done=0
[R2] t=909 pos=(9, 5) state=IDLE batt=100% done=0
[R4] t=909 pos=(9, 11) state=IDLE batt=100% done=0
[R3] t=909 pos=(9, 8) state=IDLE batt=100% done=0
[R1] t=910 pos=(9, 2) state=IDLE batt=100% done=0
[R2] t=910 pos=(9, 5) state=IDLE batt=100% done=0
[R4] t=910 pos=(9, 11) state=IDLE batt=100% done=0
[R3] t=910 pos=(9, 8) state=IDLE batt=100% done=0
[R1] t=911 pos=(9, 2) state=IDLE batt=100% done=0
[R2] t=911 pos=(9, 5) state=IDLE batt=100% done=0
[R4] t=911 pos=(9, 11) state=IDLE batt=100% done=0
[R3] t=911 pos=(9, 8) state=IDLE batt=100% done=0
[R1] t=912 pos=(9, 2) state=IDLE batt=100% done=0
[R2] t=912 pos=(9, 5) state=IDLE batt=100% done=0
[R4] t=912 pos=(9, 11) state=IDLE batt=100% done=0
[R3] t=912 pos=(9, 8) state=IDLE batt=100% done=0
[R1] t=913 pos=(9, 2) state=IDLE batt=100% done=0
[R2] t=913 pos=(9, 5) state=IDLE batt=100% done=0
[R4] t=913 pos=(9, 11) state=IDLE batt=100% done=0
[R3] t=913 pos=(9, 8) state=IDLE batt=100% done=0
[R1] t=914 pos=(9, 2) state=IDLE batt=100% done=0
[R2] t=914 pos=(9, 5) state=IDLE batt=100% done=0
[R4] t=914 pos=(9, 11) state=IDLE batt=100% done=0
[R3] t=914 pos=(9, 8) state=IDLE batt=100% done=0
[R1] t=915 pos=(9, 2) state=IDLE batt=100% done=0
[R4] t=915 pos=(9, 11) state=IDLE batt=100% done=0
[R2] t=915 pos=(9, 5) state=IDLE batt=100% done=0
[R3] t=915 pos=(9, 8) state=IDLE batt=100% done=0
[R1] t=916 pos=(9, 2) state=IDLE batt=100% done=0
[R4] t=916 pos=(9, 11) state=IDLE batt=100% done=0
[R2] t=916 pos=(9, 5) state=IDLE batt=100% done=0
[R3] t=916 pos=(9, 8) state=IDLE batt=100% done=0
[R1] t=917 pos=(9, 2) state=IDLE batt=100% done=0
[R4] t=917 pos=(9, 11) state=IDLE batt=100% done=0
[R2] t=917 pos=(9, 5) state=IDLE batt=100% done=0
[R3] t=917 pos=(9, 8) state=IDLE batt=100% done=0
[R1] t=918 pos=(9, 2) state=IDLE batt=100% done=0
[R4] t=918 pos=(9, 11) state=IDLE batt=100% done=0
[R2] t=918 pos=(9, 5) state=IDLE batt=100% done=0
[R3] t=918 pos=(9, 8) state=IDLE batt=100% done=0
[R1] t=919 pos=(9, 2) state=IDLE batt=100% done=0
[R2] t=919 pos=(9, 5) state=IDLE batt=100% done=0
[R4] t=919 pos=(9, 11) state=IDLE batt=100% done=0
[R3] t=919 pos=(9, 8) state=IDLE batt=100% done=0
[R2] t=920 pos=(9, 5) state=IDLE batt=100% done=0
[R1] t=920 pos=(9, 2) state=IDLE batt=100% done=0
[R4] t=920 pos=(9, 11) state=IDLE batt=100% done=0
[R3] t=920 pos=(9, 8) state=IDLE batt=100% done=0
[R2] t=921 pos=(9, 5) state=IDLE batt=100% done=0
[R1] t=921 pos=(9, 2) state=IDLE batt=100% done=0
[R4] t=921 pos=(9, 11) state=IDLE batt=100% done=0
[R3] t=921 pos=(9, 8) state=IDLE batt=100% done=0
[R2] t=922 pos=(9, 5) state=IDLE batt=100% done=0
[R1] t=922 pos=(9, 2) state=IDLE batt=100% done=0
[R4] t=922 pos=(9, 11) state=IDLE batt=100% done=0
[R3] t=922 pos=(9, 8) state=IDLE batt=100% done=0
[R2] t=923 pos=(9, 5) state=IDLE batt=100% done=0
[R1] t=923 pos=(9, 2) state=IDLE batt=100% done=0
[R4] t=923 pos=(9, 11) state=IDLE batt=100% done=0
[R3] t=923 pos=(9, 8) state=IDLE batt=100% done=0
[R2] t=924 pos=(9, 5) state=IDLE batt=100% done=0
[R1] t=924 pos=(9, 2) state=IDLE batt=100% done=0
[R4] t=924 pos=(9, 11) state=IDLE batt=100% done=0
[R3] t=924 pos=(9, 8) state=IDLE batt=100% done=0
[R2] t=925 pos=(9, 5) state=IDLE batt=100% done=0
[R1] t=925 pos=(9, 2) state=IDLE batt=100% done=0
[R4] t=925 pos=(9, 11) state=IDLE batt=100% done=0
[R3] t=925 pos=(9, 8) state=IDLE batt=100% done=0
[R2] t=926 pos=(9, 5) state=IDLE batt=100% done=0
[R1] t=926 pos=(9, 2) state=IDLE batt=100% done=0
[R4] t=926 pos=(9, 11) state=IDLE batt=100% done=0
[R3] t=926 pos=(9, 8) state=IDLE batt=100% done=0
[R2] t=927 pos=(9, 5) state=IDLE batt=100% done=0
[R4] t=927 pos=(9, 11) state=IDLE batt=100% done=0
[R1] t=927 pos=(9, 2) state=IDLE batt=100% done=0
[R3] t=927 pos=(9, 8) state=IDLE batt=100% done=0
[R2] t=928 pos=(9, 5) state=IDLE batt=100% done=0
[R4] t=928 pos=(9, 11) state=IDLE batt=100% done=0
[R1] t=928 pos=(9, 2) state=IDLE batt=100% done=0
[R3] t=928 pos=(9, 8) state=IDLE batt=100% done=0
[R2] t=929 pos=(9, 5) state=IDLE batt=100% done=0
[R4] t=929 pos=(9, 11) state=IDLE batt=100% done=0
[R1] t=929 pos=(9, 2) state=IDLE batt=100% done=0
[R3] t=929 pos=(9, 8) state=IDLE batt=100% done=0
[R2] t=930 pos=(9, 5) state=IDLE batt=100% done=0
[R4] t=930 pos=(9, 11) state=IDLE batt=100% done=0
[R1] t=930 pos=(9, 2) state=IDLE batt=100% done=0
[R3] t=930 pos=(9, 8) state=IDLE batt=100% done=0
[R2] t=931 pos=(9, 5) state=IDLE batt=100% done=0
[R4] t=931 pos=(9, 11) state=IDLE batt=100% done=0
[R1] t=931 pos=(9, 2) state=IDLE batt=100% done=0
[R3] t=931 pos=(9, 8) state=IDLE batt=100% done=0
[R2] t=932 pos=(9, 5) state=IDLE batt=100% done=0
[R4] t=932 pos=(9, 11) state=IDLE batt=100% done=0
[R1] t=932 pos=(9, 2) state=IDLE batt=100% done=0
[R3] t=932 pos=(9, 8) state=IDLE batt=100% done=0
[R2] t=933 pos=(9, 5) state=IDLE batt=100% done=0
[R1] t=933 pos=(9, 2) state=IDLE batt=100% done=0
[R4] t=933 pos=(9, 11) state=IDLE batt=100% done=0
[R3] t=933 pos=(9, 8) state=IDLE batt=100% done=0
[R2] t=934 pos=(9, 5) state=IDLE batt=100% done=0
[R4] t=934 pos=(9, 11) state=IDLE batt=100% done=0
[R1] t=934 pos=(9, 2) state=IDLE batt=100% done=0
[R3] t=934 pos=(9, 8) state=IDLE batt=100% done=0
[R2] t=935 pos=(9, 5) state=IDLE batt=100% done=0
[R4] t=935 pos=(9, 11) state=IDLE batt=100% done=0
[R1] t=935 pos=(9, 2) state=IDLE batt=100% done=0
[R3] t=935 pos=(9, 8) state=IDLE batt=100% done=0
[R2] t=936 pos=(9, 5) state=IDLE batt=100% done=0
[R1] t=936 pos=(9, 2) state=IDLE batt=100% done=0
[R4] t=936 pos=(9, 11) state=IDLE batt=100% done=0
[R3] t=936 pos=(9, 8) state=IDLE batt=100% done=0
[R2] t=937 pos=(9, 5) state=IDLE batt=100% done=0
[R4] t=937 pos=(9, 11) state=IDLE batt=100% done=0
[R1] t=937 pos=(9, 2) state=IDLE batt=100% done=0
[R3] t=937 pos=(9, 8) state=IDLE batt=100% done=0
[R2] t=938 pos=(9, 5) state=IDLE batt=100% done=0
[R1] t=938 pos=(9, 2) state=IDLE batt=100% done=0
[R4] t=938 pos=(9, 11) state=IDLE batt=100% done=0
[R3] t=938 pos=(9, 8) state=IDLE batt=100% done=0
[R2] t=939 pos=(9, 5) state=IDLE batt=100% done=0
[R1] t=939 pos=(9, 2) state=IDLE batt=100% done=0
[R4] t=939 pos=(9, 11) state=IDLE batt=100% done=0
[R3] t=939 pos=(9, 8) state=IDLE batt=100% done=0
[R2] t=940 pos=(9, 5) state=IDLE batt=100% done=0
[R1] t=940 pos=(9, 2) state=IDLE batt=100% done=0
[R4] t=940 pos=(9, 11) state=IDLE batt=100% done=0
[R3] t=940 pos=(9, 8) state=IDLE batt=100% done=0
[R2] t=941 pos=(9, 5) state=IDLE batt=100% done=0
[R4] t=941 pos=(9, 11) state=IDLE batt=100% done=0
[R1] t=941 pos=(9, 2) state=IDLE batt=100% done=0
[R3] t=941 pos=(9, 8) state=IDLE batt=100% done=0
[R1] t=942 pos=(9, 2) state=IDLE batt=100% done=0
[R4] t=942 pos=(9, 11) state=IDLE batt=100% done=0
[R2] t=942 pos=(9, 5) state=IDLE batt=100% done=0
[R3] t=942 pos=(9, 8) state=IDLE batt=100% done=0
[R1] t=943 pos=(9, 2) state=IDLE batt=100% done=0
[R4] t=943 pos=(9, 11) state=IDLE batt=100% done=0
[R2] t=943 pos=(9, 5) state=IDLE batt=100% done=0
[R3] t=943 pos=(9, 8) state=IDLE batt=100% done=0
[R4] t=944 pos=(9, 11) state=IDLE batt=100% done=0
[R1] t=944 pos=(9, 2) state=IDLE batt=100% done=0
[R2] t=944 pos=(9, 5) state=IDLE batt=100% done=0
[R3] t=944 pos=(9, 8) state=IDLE batt=100% done=0
[R4] t=945 pos=(9, 11) state=IDLE batt=100% done=0
[R1] t=945 pos=(9, 2) state=IDLE batt=100% done=0
[R2] t=945 pos=(9, 5) state=IDLE batt=100% done=0
[R3] t=945 pos=(9, 8) state=IDLE batt=100% done=0
[R4] t=946 pos=(9, 11) state=IDLE batt=100% done=0
[R1] t=946 pos=(9, 2) state=IDLE batt=100% done=0
[R2] t=946 pos=(9, 5) state=IDLE batt=100% done=0
[R3] t=946 pos=(9, 8) state=IDLE batt=100% done=0
[R4] t=947 pos=(9, 11) state=IDLE batt=100% done=0
[R1] t=947 pos=(9, 2) state=IDLE batt=100% done=0
[R2] t=947 pos=(9, 5) state=IDLE batt=100% done=0
[R3] t=947 pos=(9, 8) state=IDLE batt=100% done=0
[R4] t=948 pos=(9, 11) state=IDLE batt=100% done=0
[R1] t=948 pos=(9, 2) state=IDLE batt=100% done=0
[R2] t=948 pos=(9, 5) state=IDLE batt=100% done=0
[R3] t=948 pos=(9, 8) state=IDLE batt=100% done=0
[R4] t=949 pos=(9, 11) state=IDLE batt=100% done=0
[R1] t=949 pos=(9, 2) state=IDLE batt=100% done=0
[R2] t=949 pos=(9, 5) state=IDLE batt=100% done=0
[R3] t=949 pos=(9, 8) state=IDLE batt=100% done=0
[R4] t=950 pos=(9, 11) state=IDLE batt=100% done=0
[R1] t=950 pos=(9, 2) state=IDLE batt=100% done=0
[R2] t=950 pos=(9, 5) state=IDLE batt=100% done=0
[R3] t=950 pos=(9, 8) state=IDLE batt=100% done=0
[R4] t=951 pos=(9, 11) state=IDLE batt=100% done=0
[R1] t=951 pos=(9, 2) state=IDLE batt=100% done=0
[R2] t=951 pos=(9, 5) state=IDLE batt=100% done=0
[R3] t=951 pos=(9, 8) state=IDLE batt=100% done=0
[R4] t=952 pos=(9, 11) state=IDLE batt=100% done=0
[R1] t=952 pos=(9, 2) state=IDLE batt=100% done=0
[R2] t=952 pos=(9, 5) state=IDLE batt=100% done=0
[R3] t=952 pos=(9, 8) state=IDLE batt=100% done=0
[R1] t=953 pos=(9, 2) state=IDLE batt=100% done=0
[R4] t=953 pos=(9, 11) state=IDLE batt=100% done=0
[R2] t=953 pos=(9, 5) state=IDLE batt=100% done=0
[R3] t=953 pos=(9, 8) state=IDLE batt=100% done=0
[R1] t=954 pos=(9, 2) state=IDLE batt=100% done=0
[R4] t=954 pos=(9, 11) state=IDLE batt=100% done=0
[R2] t=954 pos=(9, 5) state=IDLE batt=100% done=0
[R3] t=954 pos=(9, 8) state=IDLE batt=100% done=0
[R1] t=955 pos=(9, 2) state=IDLE batt=100% done=0
[R4] t=955 pos=(9, 11) state=IDLE batt=100% done=0
[R2] t=955 pos=(9, 5) state=IDLE batt=100% done=0
[R3] t=955 pos=(9, 8) state=IDLE batt=100% done=0
[R1] t=956 pos=(9, 2) state=IDLE batt=100% done=0
[R4] t=956 pos=(9, 11) state=IDLE batt=100% done=0
[R2] t=956 pos=(9, 5) state=IDLE batt=100% done=0
[R3] t=956 pos=(9, 8) state=IDLE batt=100% done=0
[R1] t=957 pos=(9, 2) state=IDLE batt=100% done=0
[R4] t=957 pos=(9, 11) state=IDLE batt=100% done=0
[R2] t=957 pos=(9, 5) state=IDLE batt=100% done=0
[R3] t=957 pos=(9, 8) state=IDLE batt=100% done=0
[R4] t=958 pos=(9, 11) state=IDLE batt=100% done=0
[R1] t=958 pos=(9, 2) state=IDLE batt=100% done=0
[R2] t=958 pos=(9, 5) state=IDLE batt=100% done=0
[R3] t=958 pos=(9, 8) state=IDLE batt=100% done=0
[R1] t=959 pos=(9, 2) state=IDLE batt=100% done=0
[R4] t=959 pos=(9, 11) state=IDLE batt=100% done=0
[R2] t=959 pos=(9, 5) state=IDLE batt=100% done=0
[R3] t=959 pos=(9, 8) state=IDLE batt=100% done=0
[R1] t=960 pos=(9, 2) state=IDLE batt=100% done=0
[R2] t=960 pos=(9, 5) state=IDLE batt=100% done=0
[R4] t=960 pos=(9, 11) state=IDLE batt=100% done=0
[R3] t=960 pos=(9, 8) state=IDLE batt=100% done=0
[R1] t=961 pos=(9, 2) state=IDLE batt=100% done=0
[R4] t=961 pos=(9, 11) state=IDLE batt=100% done=0
[R2] t=961 pos=(9, 5) state=IDLE batt=100% done=0
[R3] t=961 pos=(9, 8) state=IDLE batt=100% done=0
[R1] t=962 pos=(9, 2) state=IDLE batt=100% done=0
[R4] t=962 pos=(9, 11) state=IDLE batt=100% done=0
[R2] t=962 pos=(9, 5) state=IDLE batt=100% done=0
[R3] t=962 pos=(9, 8) state=IDLE batt=100% done=0
[R1] t=963 pos=(9, 2) state=IDLE batt=100% done=0
[R4] t=963 pos=(9, 11) state=IDLE batt=100% done=0
[R2] t=963 pos=(9, 5) state=IDLE batt=100% done=0
[R3] t=963 pos=(9, 8) state=IDLE batt=100% done=0
[R1] t=964 pos=(9, 2) state=IDLE batt=100% done=0
[R4] t=964 pos=(9, 11) state=IDLE batt=100% done=0
[R2] t=964 pos=(9, 5) state=IDLE batt=100% done=0
[R3] t=964 pos=(9, 8) state=IDLE batt=100% done=0
[R1] t=965 pos=(9, 2) state=IDLE batt=100% done=0
[R4] t=965 pos=(9, 11) state=IDLE batt=100% done=0
[R2] t=965 pos=(9, 5) state=IDLE batt=100% done=0
[R3] t=965 pos=(9, 8) state=IDLE batt=100% done=0
[R1] t=966 pos=(9, 2) state=IDLE batt=100% done=0
[R4] t=966 pos=(9, 11) state=IDLE batt=100% done=0
[R2] t=966 pos=(9, 5) state=IDLE batt=100% done=0
[R3] t=966 pos=(9, 8) state=IDLE batt=100% done=0
[R4] t=967 pos=(9, 11) state=IDLE batt=100% done=0
[R1] t=967 pos=(9, 2) state=IDLE batt=100% done=0
[R2] t=967 pos=(9, 5) state=IDLE batt=100% done=0
[R3] t=967 pos=(9, 8) state=IDLE batt=100% done=0
[R4] t=968 pos=(9, 11) state=IDLE batt=100% done=0
[R1] t=968 pos=(9, 2) state=IDLE batt=100% done=0
[R2] t=968 pos=(9, 5) state=IDLE batt=100% done=0
[R3] t=968 pos=(9, 8) state=IDLE batt=100% done=0
[R4] t=969 pos=(9, 11) state=IDLE batt=100% done=0
[R1] t=969 pos=(9, 2) state=IDLE batt=100% done=0
[R2] t=969 pos=(9, 5) state=IDLE batt=100% done=0
[R3] t=969 pos=(9, 8) state=IDLE batt=100% done=0
[R4] t=970 pos=(9, 11) state=IDLE batt=100% done=0
[R1] t=970 pos=(9, 2) state=IDLE batt=100% done=0
[R2] t=970 pos=(9, 5) state=IDLE batt=100% done=0
[R3] t=970 pos=(9, 8) state=IDLE batt=100% done=0
[R4] t=971 pos=(9, 11) state=IDLE batt=100% done=0
[R1] t=971 pos=(9, 2) state=IDLE batt=100% done=0
[R2] t=971 pos=(9, 5) state=IDLE batt=100% done=0
[R3] t=971 pos=(9, 8) state=IDLE batt=100% done=0
[R4] t=972 pos=(9, 11) state=IDLE batt=100% done=0
[R2] t=972 pos=(9, 5) state=IDLE batt=100% done=0
[R1] t=972 pos=(9, 2) state=IDLE batt=100% done=0
[R3] t=972 pos=(9, 8) state=IDLE batt=100% done=0
[R1] t=973 pos=(9, 2) state=IDLE batt=100% done=0
[R4] t=973 pos=(9, 11) state=IDLE batt=100% done=0
[R2] t=973 pos=(9, 5) state=IDLE batt=100% done=0
[R3] t=973 pos=(9, 8) state=IDLE batt=100% done=0
[R4] t=974 pos=(9, 11) state=IDLE batt=100% done=0
[R1] t=974 pos=(9, 2) state=IDLE batt=100% done=0
[R2] t=974 pos=(9, 5) state=IDLE batt=100% done=0
[R3] t=974 pos=(9, 8) state=IDLE batt=100% done=0
[R4] t=975 pos=(9, 11) state=IDLE batt=100% done=0
[R1] t=975 pos=(9, 2) state=IDLE batt=100% done=0
[R2] t=975 pos=(9, 5) state=IDLE batt=100% done=0
[R3] t=975 pos=(9, 8) state=IDLE batt=100% done=0
[R1] t=976 pos=(9, 2) state=IDLE batt=100% done=0
[R2] t=976 pos=(9, 5) state=IDLE batt=100% done=0
[R4] t=976 pos=(9, 11) state=IDLE batt=100% done=0
[R3] t=976 pos=(9, 8) state=IDLE batt=100% done=0
[R1] t=977 pos=(9, 2) state=IDLE batt=100% done=0
[R4] t=977 pos=(9, 11) state=IDLE batt=100% done=0
[R2] t=977 pos=(9, 5) state=IDLE batt=100% done=0
[R3] t=977 pos=(9, 8) state=IDLE batt=100% done=0
[R1] t=978 pos=(9, 2) state=IDLE batt=100% done=0
[R4] t=978 pos=(9, 11) state=IDLE batt=100% done=0
[R2] t=978 pos=(9, 5) state=IDLE batt=100% done=0
[R3] t=978 pos=(9, 8) state=IDLE batt=100% done=0
[R4] t=979 pos=(9, 11) state=IDLE batt=100% done=0
[R1] t=979 pos=(9, 2) state=IDLE batt=100% done=0
[R2] t=979 pos=(9, 5) state=IDLE batt=100% done=0
[R3] t=979 pos=(9, 8) state=IDLE batt=100% done=0
[R2] t=980 pos=(9, 5) state=IDLE batt=100% done=0
[R4] t=980 pos=(9, 11) state=IDLE batt=100% done=0
[R1] t=980 pos=(9, 2) state=IDLE batt=100% done=0
[R3] t=980 pos=(9, 8) state=IDLE batt=100% done=0
[R4] t=981 pos=(9, 11) state=IDLE batt=100% done=0
[R1] t=981 pos=(9, 2) state=IDLE batt=100% done=0
[R2] t=981 pos=(9, 5) state=IDLE batt=100% done=0
[R3] t=981 pos=(9, 8) state=IDLE batt=100% done=0
[R1] t=982 pos=(9, 2) state=IDLE batt=100% done=0
[R4] t=982 pos=(9, 11) state=IDLE batt=100% done=0
[R2] t=982 pos=(9, 5) state=IDLE batt=100% done=0
[R3] t=982 pos=(9, 8) state=IDLE batt=100% done=0
[R1] t=983 pos=(9, 2) state=IDLE batt=100% done=0
[R4] t=983 pos=(9, 11) state=IDLE batt=100% done=0
[R2] t=983 pos=(9, 5) state=IDLE batt=100% done=0
[R3] t=983 pos=(9, 8) state=IDLE batt=100% done=0
[R1] t=984 pos=(9, 2) state=IDLE batt=100% done=0
[R4] t=984 pos=(9, 11) state=IDLE batt=100% done=0
[R2] t=984 pos=(9, 5) state=IDLE batt=100% done=0
[R3] t=984 pos=(9, 8) state=IDLE batt=100% done=0
[R4] t=985 pos=(9, 11) state=IDLE batt=100% done=0
[R1] t=985 pos=(9, 2) state=IDLE batt=100% done=0
[R2] t=985 pos=(9, 5) state=IDLE batt=100% done=0
[R3] t=985 pos=(9, 8) state=IDLE batt=100% done=0
[R4] t=986 pos=(9, 11) state=IDLE batt=100% done=0
[R2] t=986 pos=(9, 5) state=IDLE batt=100% done=0
[R1] t=986 pos=(9, 2) state=IDLE batt=100% done=0
[R3] t=986 pos=(9, 8) state=IDLE batt=100% done=0
[R4] t=987 pos=(9, 11) state=IDLE batt=100% done=0
[R2] t=987 pos=(9, 5) state=IDLE batt=100% done=0
[R1] t=987 pos=(9, 2) state=IDLE batt=100% done=0
[R3] t=987 pos=(9, 8) state=IDLE batt=100% done=0
[R4] t=988 pos=(9, 11) state=IDLE batt=100% done=0
[R1] t=988 pos=(9, 2) state=IDLE batt=100% done=0
[R2] t=988 pos=(9, 5) state=IDLE batt=100% done=0
[R3] t=988 pos=(9, 8) state=IDLE batt=100% done=0
Dashboard: http://127.0.0.1:8000
Launched 4 independent robot processes (PIDs: [57355, 57356, 57357, 57358]). Press Ctrl+C to stop the fleet.
